Categoría,Nombre,url,Precio Inicio(€),Precio/unidad (€),Unidad,Supermercado,Fecha
Aceites,Aceite de oliva intenso La Almazara del Olivar garrafa 5 l,https://www.dia.es/aceites-salsas-y-especias/aceites/p/107364,46 €,"9,199999999999999 €",LITRO,Dia,01/04/2024
Aceites,Aceite de oliva suave Carbonell botella 1 l,https://www.dia.es/aceites-salsas-y-especias/aceites/p/100,"13,89 €","13,89 €",LITRO,Dia,01/04/2024
Aceites,Aceite de oliva suave La Almazara del Olivar botella 1 l,https://www.dia.es/aceites-salsas-y-especias/aceites/p/104,"9,25 €","9,25 €",LITRO,Dia,01/04/2024
Aceites,Aceite de oliva suave La Almazara del Olivar garrafa 5 l,https://www.dia.es/aceites-salsas-y-especias/aceites/p/49895,46 €,"9,199999999999999 €",LITRO,Dia,01/04/2024
Aceites,Aceite de oliva suave La española botella 1 l,https://www.dia.es/aceites-salsas-y-especias/aceites/p/1548,"13,45 €","9,42 €",LITRO,Dia,01/04/2024
Aceites,Aceite de oliva virgen extra Carbonell botella 750 ml,https://www.dia.es/aceites-salsas-y-especias/aceites/p/18013,"10,89 €","14,52 €",LITRO,Dia,01/04/2024
Aceites,Aceite de oliva virgen extra La Almazara del Olivar garrafa 3 l,https://www.dia.es/aceites-salsas-y-especias/aceites/p/266129,"29,55 €","9,85 €",LITRO,Dia,01/04/2024
Aceites,Aceite de oliva virgen La Almazara del Olivar botella 1 l,https://www.dia.es/aceites-salsas-y-especias/aceites/p/216284,"9,550000000000001 €","9,550000000000001 €",LITRO,Dia,01/04/2024
Aceites,Aceite de orujo de oliva La Almazara del Olivar botella 1 l,https://www.dia.es/aceites-salsas-y-especias/aceites/p/12668,"5,24 €","5,24 €",LITRO,Dia,01/04/2024
Aceites,Aceite refinado de girasol Diasol botella 1 l,https://www.dia.es/aceites-salsas-y-especias/aceites/p/101,"1,49 €","1,49 €",LITRO,Dia,01/04/2024
Agua,Agua mineral con gas Dia botella 1.5 l,https://www.dia.es/agua-refrescos-y-zumos/agua/p/99265,"0,41 €","0,27 €",LITRO,Dia,01/04/2024
Agua,Agua mineral natural Aquarel botella 1.5 l,https://www.dia.es/agua-refrescos-y-zumos/agua/p/38301,"0,59 €","0,39 €",LITRO,Dia,01/04/2024
Agua,Agua mineral natural Bezoya botella 6 x 1.5 l,https://www.dia.es/agua-refrescos-y-zumos/agua/p/44302P6,"4,44 €","0,49 €",LITRO,Dia,01/04/2024
Agua,Agua mineral natural Dia botella 1.5 l,https://www.dia.es/agua-refrescos-y-zumos/agua/p/26995,"0,25 €","0,17 €",LITRO,Dia,01/04/2024
Agua,Agua mineral natural Dia botella 33 cl,https://www.dia.es/agua-refrescos-y-zumos/agua/p/50567,"0,24 €","0,73 €",LITRO,Dia,01/04/2024
Agua,Agua mineral natural Dia botella 50 cl,https://www.dia.es/agua-refrescos-y-zumos/agua/p/37776,"0,22 €","0,44 €",LITRO,Dia,01/04/2024
Agua,Agua mineral natural Dia garrafa 5 l,https://www.dia.es/agua-refrescos-y-zumos/agua/p/26996,"0,65 €","0,13 €",LITRO,Dia,01/04/2024
Agua,Agua mineral natural Font Vella botella 1.5 l,https://www.dia.es/agua-refrescos-y-zumos/agua/p/85,"0,73 €","0,49 €",LITRO,Dia,01/04/2024
Agua,Agua mineral natural Font Vella garrafa 6.25 l,https://www.dia.es/agua-refrescos-y-zumos/agua/p/120230,"2,29 €","0,37 €",LITRO,Dia,01/04/2024
Agua,Agua mineral natural Solán de Cabras botella 1.5 l,https://www.dia.es/agua-refrescos-y-zumos/agua/p/56684,"0,89 €","0,59 €",LITRO,Dia,01/04/2024
Ajos_cebollas_y_puerros,Ajo morado malla 400 g,https://www.dia.es/verduras/ajos-cebollas-y-puerros/p/171596,"2,19 €","5,48 €",KILO,Dia,01/04/2024
Ajos_cebollas_y_puerros,Ajos malla 250 g,https://www.dia.es/verduras/ajos-cebollas-y-puerros/p/17653,"1,59 €","6,36 €",KILO,Dia,01/04/2024
Ajos_cebollas_y_puerros,Cebolla dulce granel 1 Kg aprox.,https://www.dia.es/verduras/ajos-cebollas-y-puerros/p/45862,"2,49 €","2,49 €",KILO,Dia,01/04/2024
Ajos_cebollas_y_puerros,Cebolla dulce malla 1 Kg,https://www.dia.es/verduras/ajos-cebollas-y-puerros/p/132920,"2,49 €","2,49 €",KILO,Dia,01/04/2024
Ajos_cebollas_y_puerros,Cebolla malla 1.5 Kg,https://www.dia.es/verduras/ajos-cebollas-y-puerros/p/193474,"2,89 €","1,93 €",KILO,Dia,01/04/2024
Ajos_cebollas_y_puerros,Cebolla malla 750 g,https://www.dia.es/verduras/ajos-cebollas-y-puerros/p/191535,"1,79 €","2,39 €",KILO,Dia,01/04/2024
Ajos_cebollas_y_puerros,Cebolla morada malla 500 g,https://www.dia.es/verduras/ajos-cebollas-y-puerros/p/57885,"1,49 €","2,98 €",KILO,Dia,01/04/2024
Ajos_cebollas_y_puerros,Cebolla tierna manojo 350 g,https://www.dia.es/verduras/ajos-cebollas-y-puerros/p/251082,"1,29 €","3,69 €",KILO,Dia,01/04/2024
Ajos_cebollas_y_puerros,Puerro 250 g,https://www.dia.es/verduras/ajos-cebollas-y-puerros/p/273369,"0,89 €","3,56 €",KILO,Dia,01/04/2024
Ajos_cebollas_y_puerros,Puerros bandeja 500 g,https://www.dia.es/verduras/ajos-cebollas-y-puerros/p/17230,"2,39 €","4,78 €",KILO,Dia,01/04/2024
Alubias,Alubia cocida Luengo frasco 400 g,https://www.dia.es/arroz-pastas-y-legumbres/alubias/p/119810,"1,25 €","3,13 €",KILO,Dia,01/04/2024
Alubias,Alubia negra Vegecampo bolsa 500 g,https://www.dia.es/arroz-pastas-y-legumbres/alubias/p/61318,"1,2 €","2,4 €",KILO,Dia,01/04/2024
Alubias,Alubias blancas bajo contenido en sal Vegecampo frasco 400 g,https://www.dia.es/arroz-pastas-y-legumbres/alubias/p/283986,"0,95 €","2,38 €",KILO,Dia,01/04/2024
Alubias,Alubias blancas cocidas Legumbres La Asturiana frasco 400 g,https://www.dia.es/arroz-pastas-y-legumbres/alubias/p/53235,"1,7 €","4,25 €",KILO,Dia,01/04/2024
Alubias,Alubias blancas con verduras Vegecampo frasco 400 g,https://www.dia.es/arroz-pastas-y-legumbres/alubias/p/50647,"1,15 €","2,88 €",KILO,Dia,01/04/2024
Alubias,Alubias blancas extra Vegecampo frasco 210 g,https://www.dia.es/arroz-pastas-y-legumbres/alubias/p/283985,"0,7 €","3,33 €",KILO,Dia,01/04/2024
Alubias,Alubias blancas Vegecampo bolsa 1 Kg,https://www.dia.es/arroz-pastas-y-legumbres/alubias/p/154,"2,09 €","2,09 €",KILO,Dia,01/04/2024
Alubias,Alubias pintas cocidas Vegecampo frasco 400 g,https://www.dia.es/arroz-pastas-y-legumbres/alubias/p/254987,"1,1 €","2,75 €",KILO,Dia,01/04/2024
Alubias,Alubias pintas Vegecampo bolsa 1 Kg,https://www.dia.es/arroz-pastas-y-legumbres/alubias/p/156,"2,29 €","2,29 €",KILO,Dia,01/04/2024
Alubias,Alubias rojas cocidas Vegecampo frasco 400 g,https://www.dia.es/arroz-pastas-y-legumbres/alubias/p/210523,"1,05 €","2,63 €",KILO,Dia,01/04/2024
Arroz,Arroz basmati Brillante vaso 2 x 125 g,https://www.dia.es/arroz-pastas-y-legumbres/arroz/p/60069,"1,34 €","5,36 €",KILO,Dia,01/04/2024
Arroz,Arroz basmati Selección Mundial paquete 1 Kg,https://www.dia.es/arroz-pastas-y-legumbres/arroz/p/53397,"2,54 €","2,54 €",KILO,Dia,01/04/2024
Arroz,Arroz bomba Arrozona paquete 1 Kg,https://www.dia.es/arroz-pastas-y-legumbres/arroz/p/15883,"4,9 €","4,9 €",KILO,Dia,01/04/2024
Arroz,Arroz extra Arrozona bolsa 1 Kg,https://www.dia.es/arroz-pastas-y-legumbres/arroz/p/151,"1,3 €","1,3 €",KILO,Dia,01/04/2024
Arroz,Arroz integral Brillante vaso 2 x 125 g,https://www.dia.es/arroz-pastas-y-legumbres/arroz/p/145913,"1,25 €",5 €,KILO,Dia,01/04/2024
Arroz,Arroz largo de primera categoría Arrozona bolsa 1 Kg,https://www.dia.es/arroz-pastas-y-legumbres/arroz/p/5873,"1,3 €","1,3 €",KILO,Dia,01/04/2024
Arroz,Arroz redondo Al Punto vaso 2 x 125 g,https://www.dia.es/arroz-pastas-y-legumbres/arroz/p/250021,"1,19 €","4,76 €",KILO,Dia,01/04/2024
Arroz,Arroz redondo Brillante paquete 1 Kg,https://www.dia.es/arroz-pastas-y-legumbres/arroz/p/142599,"2,68 €","2,68 €",KILO,Dia,01/04/2024
Arroz,Arroz redondo SOS paquete 1 Kg,https://www.dia.es/arroz-pastas-y-legumbres/arroz/p/21415,"1,8 €","1,8 €",KILO,Dia,01/04/2024
Arroz,Arroz vaporizado Arrozona bolsa 1 Kg,https://www.dia.es/arroz-pastas-y-legumbres/arroz/p/28809,"1,54 €","1,54 €",KILO,Dia,01/04/2024
Azucar,Azúcar blanco Azucarera paquete 1 Kg,https://www.dia.es/azucar-chocolates-y-caramelos/azucar-y-edulcorantes/p/178,"1,49 €","1,49 €",KILO,Dia,01/04/2024
Azucar,Azúcar blanco Dia paquete 1 Kg,https://www.dia.es/azucar-chocolates-y-caramelos/azucar-y-edulcorantes/p/81798,"1,45 €","1,45 €",KILO,Dia,01/04/2024
Azucar,Azúcar blanco en sobres Dia caja 300 g,https://www.dia.es/azucar-chocolates-y-caramelos/azucar-y-edulcorantes/p/265464,"1,15 €","3,83 €",KILO,Dia,01/04/2024
Azucar,Azúcar moreno de caña integral Azucarera brik 800 g,https://www.dia.es/azucar-chocolates-y-caramelos/azucar-y-edulcorantes/p/42570,"1,85 €","2,31 €",KILO,Dia,01/04/2024
Azucar,Azúcar moreno de caña integral Sidul bolsa 1 Kg,https://www.dia.es/azucar-chocolates-y-caramelos/azucar-y-edulcorantes/p/298968,"1,95 €","1,95 €",KILO,Dia,01/04/2024
Azucar,Azúcar moreno en sobres Dia caja 300 g,https://www.dia.es/azucar-chocolates-y-caramelos/azucar-y-edulcorantes/p/265466,"1,29 €","4,3 €",KILO,Dia,01/04/2024
Azucar,Edulcorante Dia bote 50 g,https://www.dia.es/azucar-chocolates-y-caramelos/azucar-y-edulcorantes/p/108416,"1,29 €","25,8 €",KILO,Dia,01/04/2024
Azucar,Edulcorante en polvo Dia bote 200 g,https://www.dia.es/azucar-chocolates-y-caramelos/azucar-y-edulcorantes/p/222283,"3,29 €","16,45 €",KILO,Dia,01/04/2024
Azucar,Edulcorante líquido Dia botella 200 ml,https://www.dia.es/azucar-chocolates-y-caramelos/azucar-y-edulcorantes/p/198631,"1,35 €","6,75 €",LITRO,Dia,01/04/2024
Azucar,Panela azúcar moreno de caña integral Azucarera bolsa 500 g,https://www.dia.es/azucar-chocolates-y-caramelos/azucar-y-edulcorantes/p/256649,"1,99 €","3,98 €",KILO,Dia,01/04/2024
Calabacin_calabaza_y_berenjena,Berenjena granel 800 g aprox.,https://www.dia.es/verduras/calabacin-calabaza-y-berenjena/p/42071,"1,35 €","1,69 €",KILO,Dia,01/04/2024
Calabacin_calabaza_y_berenjena,Calabacín bio 500 g,https://www.dia.es/verduras/calabacin-calabaza-y-berenjena/p/190696,"1,49 €","2,98 €",KILO,Dia,01/04/2024
Calabacin_calabaza_y_berenjena,Calabacín unidad aprox. 475 g,https://www.dia.es/verduras/calabacin-calabaza-y-berenjena/p/93,"0,9 €","1,89 €",KILO,Dia,01/04/2024
Calabacin_calabaza_y_berenjena,Calabaza a dados bolsa 500 g,https://www.dia.es/verduras/calabacin-calabaza-y-berenjena/p/278899,"1,89 €","3,78 €",KILO,Dia,01/04/2024
Calabacin_calabaza_y_berenjena,Calabaza unidad aprox. 1.6 Kg,https://www.dia.es/verduras/calabacin-calabaza-y-berenjena/p/75926,"3,02 €","1,89 €",KILO,Dia,01/04/2024
Cereales,Cereales copos de maíz corn flakes Gran Dia caja 500 g,https://www.dia.es/galletas-bollos-y-cereales/cereales/p/66956,"1,45 €","2,9 €",KILO,Dia,01/04/2024
Cereales,"Cereales copos de trigo, arroz y cebada con chocolate negro Gran Dia caja 300 g",https://www.dia.es/galletas-bollos-y-cereales/cereales/p/67929,"1,95 €","6,5 €",KILO,Dia,01/04/2024
Cereales,Cereales de arroz inflado Kellogg's Choco Krispies caja 420 g,https://www.dia.es/galletas-bollos-y-cereales/cereales/p/130840,"3,55 €","8,449999999999999 €",KILO,Dia,01/04/2024
Cereales,Cereales de pétalos de trigo y chocolate Gran Dia caja 500 g,https://www.dia.es/galletas-bollos-y-cereales/cereales/p/74306,"1,8 €","3,6 €",KILO,Dia,01/04/2024
Cereales,Cereales rellenos con chocolate y avena Gran Dia caja 500 g,https://www.dia.es/galletas-bollos-y-cereales/cereales/p/37184,"2,15 €","4,3 €",KILO,Dia,01/04/2024
Cereales,Cereales rellenos de leche Gran Dia caja 500 g,https://www.dia.es/galletas-bollos-y-cereales/cereales/p/111278,"2,6 €","5,2 €",KILO,Dia,01/04/2024
Cereales,Copos de avena Gran Dia caja 500 g,https://www.dia.es/galletas-bollos-y-cereales/cereales/p/105429,1 €,2 €,KILO,Dia,01/04/2024
Cereales,Muesli crujiente con chocolate Gran Dia caja 500 g,https://www.dia.es/galletas-bollos-y-cereales/cereales/p/135900,"2,1 €","4,2 €",KILO,Dia,01/04/2024
Cereales,Muesli extra Gran Dia caja 500 g,https://www.dia.es/galletas-bollos-y-cereales/cereales/p/222746,"1,95 €","3,9 €",KILO,Dia,01/04/2024
Cocacola,Refresco de cola clásica Coca-Cola botella 2 x 2 l,https://www.dia.es/agua-refrescos-y-zumos/cola/p/38406,"3,9 €","0,98 €",LITRO,Dia,01/04/2024
Cocacola,Refresco de cola clásica Coca-Cola lata 12 x 33 cl,https://www.dia.es/agua-refrescos-y-zumos/cola/p/30319,"10,44 €","2,64 €",LITRO,Dia,01/04/2024
Cocacola,Refresco de cola Hola Cola botella 4 x 2 l,https://www.dia.es/agua-refrescos-y-zumos/cola/p/10065P4,"3,2 €","0,4 €",LITRO,Dia,01/04/2024
Cocacola,Refresco de cola zero Coca-Cola botella 2 x 2 l,https://www.dia.es/agua-refrescos-y-zumos/cola/p/82492,"3,9 €","0,98 €",LITRO,Dia,01/04/2024
Cocacola,Refresco de cola zero Coca-Cola lata 12 x 33 cl,https://www.dia.es/agua-refrescos-y-zumos/cola/p/79802,"10,44 €","2,64 €",LITRO,Dia,01/04/2024
Cocacola,Refresco de cola zero Hola Cola botella 2 l,https://www.dia.es/agua-refrescos-y-zumos/cola/p/130617,"0,7 €","0,35 €",LITRO,Dia,01/04/2024
Cocacola,Refresco de cola zero Hola Cola botella 6 x 50 cl,https://www.dia.es/agua-refrescos-y-zumos/cola/p/203768P6,"3,3 €","1,1 €",LITRO,Dia,01/04/2024
Cocacola,Refresco de cola zero Pepsi botella 2 x 1.75 l,https://www.dia.es/agua-refrescos-y-zumos/cola/p/214844,"3,3 €","0,94 €",LITRO,Dia,01/04/2024
Cocacola,Refresco de cola zero sin cafeína Hola Cola botella 4 x 2 l,https://www.dia.es/agua-refrescos-y-zumos/cola/p/222480P4,"2,8 €","0,35 €",LITRO,Dia,01/04/2024
Cocacola,Refresco de cola zero sin cafeína Hola Cola lata 6 x 33 cl,https://www.dia.es/agua-refrescos-y-zumos/cola/p/222479P6,"1,92 €","0,97 €",LITRO,Dia,01/04/2024
Fanta_de_limon,Refresco de lima limón Sprite lata 33 cl,https://www.dia.es/agua-refrescos-y-zumos/limon-lima-limon/p/178275,"0,59 €","1,48 €",LITRO,Dia,01/04/2024
Fanta_de_limon,Refresco de lima limón Upss botella 2 l,https://www.dia.es/agua-refrescos-y-zumos/limon-lima-limon/p/44314,"0,95 €","0,48 €",LITRO,Dia,01/04/2024
Fanta_de_limon,Refresco de limón 6% zumo con gas Upss botella 2 l,https://www.dia.es/agua-refrescos-y-zumos/limon-lima-limon/p/82954,"0,95 €","0,48 €",LITRO,Dia,01/04/2024
Fanta_de_limon,Refresco de limón Fanta botella 2 l,https://www.dia.es/agua-refrescos-y-zumos/limon-lima-limon/p/684,"1,79 €","0,9 €",LITRO,Dia,01/04/2024
Fanta_de_limon,Refresco de limón Fanta lata 33 cl,https://www.dia.es/agua-refrescos-y-zumos/limon-lima-limon/p/686,"0,75 €","2,27 €",LITRO,Dia,01/04/2024
Fanta_de_limon,Refresco de limón sin gas Upss botella 1.5 l,https://www.dia.es/agua-refrescos-y-zumos/otras-bebidas/p/35487,"1,05 €","0,7 €",LITRO,Dia,01/04/2024
Fanta_de_limon,Refresco de limón Upss lata 33 cl,https://www.dia.es/agua-refrescos-y-zumos/limon-lima-limon/p/43869,"0,35 €","1,06 €",LITRO,Dia,01/04/2024
Fanta_de_limon,Refresco de limón zero Fanta botella 2 l,https://www.dia.es/agua-refrescos-y-zumos/limon-lima-limon/p/103131,"1,79 €","0,9 €",LITRO,Dia,01/04/2024
Fanta_de_limon,Refresco de limón zero Fanta lata 33 cl,https://www.dia.es/agua-refrescos-y-zumos/limon-lima-limon/p/13185,"0,75 €","2,27 €",LITRO,Dia,01/04/2024
Fanta_de_limon,Refresco de limón zero Upss botella 2 l,https://www.dia.es/agua-refrescos-y-zumos/limon-lima-limon/p/127633,"0,95 €","0,48 €",LITRO,Dia,01/04/2024
Fanta_de_naranja,Refresco de naranja Fanta botella 2 l,https://www.dia.es/agua-refrescos-y-zumos/naranja/p/685,"1,79 €","0,9 €",LITRO,Dia,01/04/2024
Fanta_de_naranja,Refresco de naranja Fanta botella 2 x 2 l,https://www.dia.es/agua-refrescos-y-zumos/naranja/p/66536,"3,5 €","0,88 €",LITRO,Dia,01/04/2024
Fanta_de_naranja,Refresco de naranja Fanta lata 33 cl,https://www.dia.es/agua-refrescos-y-zumos/naranja/p/687,"0,75 €","2,27 €",LITRO,Dia,01/04/2024
Fanta_de_naranja,Refresco de naranja Fanta lata 9 x 33 cl,https://www.dia.es/agua-refrescos-y-zumos/naranja/p/150102,"6,57 €","2,21 €",LITRO,Dia,01/04/2024
Fanta_de_naranja,Refresco de naranja sin gas Upss botella 1.5 l,https://www.dia.es/agua-refrescos-y-zumos/otras-bebidas/p/35488,"1,05 €","0,7 €",LITRO,Dia,01/04/2024
Fanta_de_naranja,Refresco de naranja Upss botella 2 l,https://www.dia.es/agua-refrescos-y-zumos/naranja/p/35484,"0,95 €","0,48 €",LITRO,Dia,01/04/2024
Fanta_de_naranja,Refresco de naranja Upss lata 33 cl,https://www.dia.es/agua-refrescos-y-zumos/naranja/p/43867,"0,35 €","1,06 €",LITRO,Dia,01/04/2024
Fanta_de_naranja,Refresco de naranja zero Fanta botella 2 l,https://www.dia.es/agua-refrescos-y-zumos/naranja/p/103130,"1,79 €","0,9 €",LITRO,Dia,01/04/2024
Fanta_de_naranja,Refresco de naranja zero Fanta lata 33 cl,https://www.dia.es/agua-refrescos-y-zumos/naranja/p/13179,"0,75 €","2,27 €",LITRO,Dia,01/04/2024
Fanta_de_naranja,Refresco de naranja zero Upss botella 2 l,https://www.dia.es/agua-refrescos-y-zumos/naranja/p/127634,"0,95 €","0,48 €",LITRO,Dia,01/04/2024
Frutas_de_bosque,Arándano bandeja 300 g,https://www.dia.es/frutas/frutas-del-bosque/p/285489,"3,99 €","13,3 €",KILO,Dia,01/04/2024
Frutas_de_bosque,Arándano vaso 170 g,https://www.dia.es/frutas/frutas-del-bosque/p/190387,"2,79 €","16,41 €",KILO,Dia,01/04/2024
Frutas_de_bosque,Frambuesas bandeja 125 g,https://www.dia.es/frutas/frutas-del-bosque/p/133913,"1,99 €","15,92 €",KILO,Dia,01/04/2024
Frutas_tropicales,Aguacate bandeja 450 g,https://www.dia.es/frutas/frutas-tropicales/p/220373,"2,29 €","5,09 €",KILO,Dia,01/04/2024
Frutas_tropicales,Aguacate granel 750 g aprox.,https://www.dia.es/frutas/frutas-tropicales/p/42069,"3,97 €","5,29 €",KILO,Dia,01/04/2024
Frutas_tropicales,Coco troceado bio bolsa 56 g,https://www.dia.es/frutas/frutas-tropicales/p/280342,"0,95 €","16,96 €",KILO,Dia,01/04/2024
Frutas_tropicales,Guacamole Al Punto tarrina 200 g,https://www.dia.es/frutas/frutas-tropicales/p/289182,"1,69 €","8,449999999999999 €",KILO,Dia,01/04/2024
Frutas_tropicales,Kiwi bandeja 700 g,https://www.dia.es/frutas/frutas-tropicales/p/270541,"2,29 €","3,27 €",KILO,Dia,01/04/2024
Frutas_tropicales,Kiwi selección 1 unidad,https://www.dia.es/frutas/frutas-tropicales/p/230396,"0,39 €","0,39 €",UNIDAD,Dia,01/04/2024
Frutas_tropicales,Kiwi Zespri bandeja 500 g,https://www.dia.es/frutas/frutas-tropicales/p/17968,"2,99 €","5,98 €",KILO,Dia,01/04/2024
Frutas_tropicales,Mango bandeja 650 g,https://www.dia.es/frutas/frutas-tropicales/p/166057,"2,59 €","3,98 €",KILO,Dia,01/04/2024
Frutas_tropicales,Piña gold premium unidad aprox. 2 Kg,https://www.dia.es/frutas/frutas-tropicales/p/190710,"4,38 €","2,19 €",KILO,Dia,01/04/2024
Frutas_tropicales,Pulpa aguacate Al Punto tarrina 125 g,https://www.dia.es/frutas/frutas-tropicales/p/289184,"1,45 €","11,6 €",KILO,Dia,01/04/2024
Galletas,Galleta rellena de crema de chocolate Principe paquete 3 x 300 g,https://www.dia.es/galletas-bollos-y-cereales/galletas/p/189842,"5,59 €","6,21 €",KILO,Dia,01/04/2024
Galletas,Galletas de cacao rellenas de crema Galleteca caja 220 g,https://www.dia.es/galletas-bollos-y-cereales/galletas/p/220174,"1,05 €","4,77 €",KILO,Dia,01/04/2024
Galletas,Galletas de cereales con vitaminas Artiach Dinosaurus caja 411 g,https://www.dia.es/galletas-bollos-y-cereales/galletas/p/37967,"3,49 €","8,49 €",KILO,Dia,01/04/2024
Galletas,Galletas de desayuno Cuétara Tostarica caja 570 g,https://www.dia.es/galletas-bollos-y-cereales/galletas/p/148067,"2,99 €","5,25 €",KILO,Dia,01/04/2024
Galletas,Galletas de desayuno la buena maría Fontaneda caja 800 g,https://www.dia.es/galletas-bollos-y-cereales/galletas/p/34338,"3,3 €","4,13 €",KILO,Dia,01/04/2024
Galletas,Galletas dorada maría Galleteca paquete 800 g,https://www.dia.es/galletas-bollos-y-cereales/galletas/p/149293,"1,6 €",2 €,KILO,Dia,01/04/2024
Galletas,Galletas maría Galleteca paquete 800 g,https://www.dia.es/galletas-bollos-y-cereales/galletas/p/469,"1,6 €",2 €,KILO,Dia,01/04/2024
Galletas,Galletas relieve Galleteca caja 735 g,https://www.dia.es/galletas-bollos-y-cereales/galletas/p/12008,"1,69 €","2,3 €",KILO,Dia,01/04/2024
Galletas,Galletas rellenas de crema de chocolate Galleteca paquete 500 g,https://www.dia.es/galletas-bollos-y-cereales/galletas/p/32812,"1,2 €","2,4 €",KILO,Dia,01/04/2024
Galletas,Galletas tostaditas Galleteca caja 600 g,https://www.dia.es/galletas-bollos-y-cereales/galletas/p/206129,"1,79 €","2,98 €",KILO,Dia,01/04/2024
Garbanzos,Garbanzo cocido pedrosillano Vegecampo frasco 400 g,https://www.dia.es/arroz-pastas-y-legumbres/garbanzos/p/268896,"1,05 €","2,63 €",KILO,Dia,01/04/2024
Garbanzos,Garbanzo pedrosillano Vegecampo bolsa 1 Kg,https://www.dia.es/arroz-pastas-y-legumbres/garbanzos/p/194830,"1,95 €","1,95 €",KILO,Dia,01/04/2024
Garbanzos,Garbanzos cocidos bajo contenido en sal Vegecampo frasco 400 g,https://www.dia.es/arroz-pastas-y-legumbres/garbanzos/p/222740,"0,99 €","2,48 €",KILO,Dia,01/04/2024
Garbanzos,Garbanzos cocidos extra Vegecampo frasco 210 g,https://www.dia.es/arroz-pastas-y-legumbres/garbanzos/p/284017,"0,7 €","3,33 €",KILO,Dia,01/04/2024
Garbanzos,Garbanzos cocidos extra Vegecampo frasco 400 g,https://www.dia.es/arroz-pastas-y-legumbres/garbanzos/p/1232,"0,85 €","2,13 €",KILO,Dia,01/04/2024
Garbanzos,Garbanzos cocidos Luengo frasco 400 g,https://www.dia.es/arroz-pastas-y-legumbres/garbanzos/p/101720,"1,3 €","3,25 €",KILO,Dia,01/04/2024
Garbanzos,Garbanzos con verduras cocidas Luengo frasco 400 g,https://www.dia.es/arroz-pastas-y-legumbres/garbanzos/p/189831,"1,45 €","3,63 €",KILO,Dia,01/04/2024
Garbanzos,Garbanzos extra Vegecampo bolsa 1 Kg,https://www.dia.es/arroz-pastas-y-legumbres/garbanzos/p/155,"2,49 €","2,49 €",KILO,Dia,01/04/2024
Garbanzos,Garbanzos Luengo bolsa 1 Kg,https://www.dia.es/arroz-pastas-y-legumbres/garbanzos/p/73816,"3,79 €","3,79 €",KILO,Dia,01/04/2024
Garbanzos,Hummus clásico Al Punto tarrina 220 g,https://www.dia.es/arroz-pastas-y-legumbres/garbanzos/p/278849,"1,29 €","5,86 €",KILO,Dia,01/04/2024
Huevos,Huevos camperos categoría A clase M/L La receta bandeja 10 unidades,https://www.dia.es/leche-huevos-y-mantequilla/huevos/p/274540,"2,49 €","2,99 €",DOCENA,Dia,01/04/2024
Huevos,Huevos frescos categoría A clase L Dia bandeja 12 unidades,https://www.dia.es/leche-huevos-y-mantequilla/huevos/p/14635,"2,26 €","2,26 €",DOCENA,Dia,01/04/2024
Huevos,Huevos frescos categoría A clase L Huevos Garrido caja 12 unidades,https://www.dia.es/leche-huevos-y-mantequilla/huevos/p/167072,"2,26 €","2,26 €",DOCENA,Dia,01/04/2024
Huevos,Huevos frescos categoría A clase M Dia bandeja 12 unidades,https://www.dia.es/leche-huevos-y-mantequilla/huevos/p/14636,"2,02 €","2,02 €",DOCENA,Dia,01/04/2024
Huevos,Huevos frescos categoría A clase M Huevos Garrido caja 12 unidades,https://www.dia.es/leche-huevos-y-mantequilla/huevos/p/166363,"2,02 €","2,02 €",DOCENA,Dia,01/04/2024
Huevos,Huevos frescos categoría A clase M Huevos Garrido caja 24 unidades,https://www.dia.es/leche-huevos-y-mantequilla/huevos/p/198722,"3,8 €","1,9 €",DOCENA,Dia,01/04/2024
Huevos,Huevos frescos categoría A clase M La receta bandeja 24 unidades,https://www.dia.es/leche-huevos-y-mantequilla/huevos/p/274009,"3,8 €","1,9 €",DOCENA,Dia,01/04/2024
Huevos,Huevos frescos categoría A clase XL Huevos Garrido caja 6 unidades,https://www.dia.es/leche-huevos-y-mantequilla/huevos/p/216464,"1,69 €","3,38 €",DOCENA,Dia,01/04/2024
Huevos,Huevos frescos de gallinas criadas en suelo categoría A clase L La receta bandeja 12 unidades,https://www.dia.es/leche-huevos-y-mantequilla/huevos/p/274011,"2,49 €","2,49 €",DOCENA,Dia,01/04/2024
Huevos,Huevos frescos maíz categoría A clase M/L Grupo de lucas caja 12 unidades,https://www.dia.es/leche-huevos-y-mantequilla/huevos/p/135425,"2,85 €","2,85 €",DOCENA,Dia,01/04/2024
Judias_brocolis_y_coliflores,Brócoli bolsa 500 g,https://www.dia.es/verduras/judias-brocolis-y-coliflores/p/20002,"1,39 €","2,78 €",KILO,Dia,01/04/2024
Judias_brocolis_y_coliflores,Coliflor unidad aprox. 2 Kg aprox.,https://www.dia.es/verduras/judias-brocolis-y-coliflores/p/278856,"3,98 €","1,99 €",KILO,Dia,01/04/2024
Judias_brocolis_y_coliflores,Judía verde bolsa 500 g,https://www.dia.es/verduras/judias-brocolis-y-coliflores/p/11416,"1,99 €","3,98 €",KILO,Dia,01/04/2024
Judias_brocolis_y_coliflores,Repollo liso unidad aprox. 2 Kg aprox.,https://www.dia.es/verduras/judias-brocolis-y-coliflores/p/50664,"2,78 €","1,39 €",KILO,Dia,01/04/2024
Leche,Leche desnatada Central Lechera Asturiana brik 6 x 1 l,https://www.dia.es/leche-huevos-y-mantequilla/leche/p/16066P6,"6,84 €","1,14 €",LITRO,Dia,01/04/2024
Leche,Leche desnatada Dia Láctea brik 6 x 1 l,https://www.dia.es/leche-huevos-y-mantequilla/leche/p/607P6,"5,1 €","0,85 €",LITRO,Dia,01/04/2024
Leche,Leche desnatada sin lactosa Dia Láctea brik 6 x 1 l,https://www.dia.es/leche-huevos-y-mantequilla/leche/p/185450P6,"5,58 €","0,93 €",LITRO,Dia,01/04/2024
Leche,Leche entera Central Lechera Asturiana brik 6 x 1 l,https://www.dia.es/leche-huevos-y-mantequilla/leche/p/16065P6,"6,84 €","1,14 €",LITRO,Dia,01/04/2024
Leche,Leche entera Dia Láctea brik 6 x 1 l,https://www.dia.es/leche-huevos-y-mantequilla/leche/p/608P6,"5,46 €","0,91 €",LITRO,Dia,01/04/2024
Leche,Leche entera Pascual brik 6 x 1 l,https://www.dia.es/leche-huevos-y-mantequilla/leche/p/73676P6,"7,8 €","1,3 €",LITRO,Dia,01/04/2024
Leche,Leche semidesnatada Central Lechera Asturiana brik 6 x 1 l,https://www.dia.es/leche-huevos-y-mantequilla/leche/p/17548P6,"6,84 €","1,14 €",LITRO,Dia,01/04/2024
Leche,Leche semidesnatada Dia Láctea brik 1 l,https://www.dia.es/leche-huevos-y-mantequilla/leche/p/504,"0,87 €","0,87 €",LITRO,Dia,01/04/2024
Leche,Leche semidesnatada Dia Láctea brik 6 x 1 l,https://www.dia.es/leche-huevos-y-mantequilla/leche/p/504P6,"5,22 €","0,87 €",LITRO,Dia,01/04/2024
Leche,Leche semidesnatada sin lactosa Dia Láctea brik 6 x 1 l,https://www.dia.es/leche-huevos-y-mantequilla/leche/p/130063P6,"5,7 €","0,95 €",LITRO,Dia,01/04/2024
Lechuga_escarolas_y_envidias,Cogollos bandeja 3 unidades,https://www.dia.es/verduras/lechuga-escarolas-y-endivias/p/11461,"0,99 €","0,33 €",UNIDAD,Dia,01/04/2024
Lechuga_escarolas_y_envidias,Corazones de cogollos bandeja 6 unidades,https://www.dia.es/verduras/lechuga-escarolas-y-endivias/p/25904,"1,99 €","0,33 €",UNIDAD,Dia,01/04/2024
Lechuga_escarolas_y_envidias,Corazones de lechuga romana bandeja 2 unidades,https://www.dia.es/verduras/lechuga-escarolas-y-endivias/p/59836,"1,69 €","0,85 €",UNIDAD,Dia,01/04/2024
Lechuga_escarolas_y_envidias,Endivias bandeja 350 g,https://www.dia.es/verduras/lechuga-escarolas-y-endivias/p/182881,"1,29 €","3,69 €",KILO,Dia,01/04/2024
Lechuga_escarolas_y_envidias,Lechuga iceberg 1 unidad,https://www.dia.es/verduras/lechuga-escarolas-y-endivias/p/11462,"1,15 €","1,15 €",UNIDAD,Dia,01/04/2024
Lentejas,Lenteja castellana Vegecampo bolsa 1 Kg,https://www.dia.es/arroz-pastas-y-legumbres/lentejas/p/157,"1,88 €","1,88 €",KILO,Dia,01/04/2024
Lentejas,Lenteja pardina cocida Luengo frasco 400 g,https://www.dia.es/arroz-pastas-y-legumbres/lentejas/p/282306,"1,45 €","3,63 €",KILO,Dia,01/04/2024
Lentejas,Lenteja pardina Legumbres La Asturiana bolsa 1 Kg,https://www.dia.es/arroz-pastas-y-legumbres/lentejas/p/38252,"4,8 €","4,8 €",KILO,Dia,01/04/2024
Lentejas,Lenteja pardina Legumbres La Asturiana bolsa 500 g,https://www.dia.es/arroz-pastas-y-legumbres/lentejas/p/50740,"2,45 €","4,9 €",KILO,Dia,01/04/2024
Lentejas,Lenteja pardina Luengo bolsa 1 Kg,https://www.dia.es/arroz-pastas-y-legumbres/lentejas/p/189343,"3,79 €","3,03 €",KILO,Dia,01/04/2024
Lentejas,Lenteja pardina Luengo bolsa 500 g,https://www.dia.es/arroz-pastas-y-legumbres/lentejas/p/1878,"1,95 €","3,9 €",KILO,Dia,01/04/2024
Lentejas,Lenteja roja pelada Luengo bolsa 400 g,https://www.dia.es/arroz-pastas-y-legumbres/lentejas/p/300816,"2,39 €","5,98 €",KILO,Dia,01/04/2024
Lentejas,Lenteja roja Vegecampo bolsa 1 Kg,https://www.dia.es/arroz-pastas-y-legumbres/lentejas/p/291145,"1,89 €","1,89 €",KILO,Dia,01/04/2024
Lentejas,Lentejas cocidas Vegecampo frasco 210 g,https://www.dia.es/arroz-pastas-y-legumbres/lentejas/p/290920,"0,75 €","3,57 €",KILO,Dia,01/04/2024
Lentejas,Lentejas cocidas Vegecampo frasco 400 g,https://www.dia.es/arroz-pastas-y-legumbres/lentejas/p/58809,"0,85 €","2,13 €",KILO,Dia,01/04/2024
Limones,Limón bio malla 500 g,https://www.dia.es/frutas/limones-y-pomelos/p/32375,"0,99 €","1,98 €",KILO,Dia,01/04/2024
Limones,Limón selección 1 unidad,https://www.dia.es/frutas/limones-y-pomelos/p/302312,"0,45 €","0,45 €",UNIDAD,Dia,01/04/2024
Limones,Limones malla 750 g,https://www.dia.es/frutas/limones-y-pomelos/p/11463,"1,29 €","1,72 €",KILO,Dia,01/04/2024
Manzanas,Manzana fuji bolsa 1 Kg,https://www.dia.es/frutas/manzanas/p/54268,"2,19 €","2,19 €",KILO,Dia,01/04/2024
Manzanas,Manzana golden bolsa 1 Kg,https://www.dia.es/frutas/manzanas/p/171233,"1,99 €","1,99 €",KILO,Dia,01/04/2024
Manzanas,Manzana golden granel 1 Kg aprox.,https://www.dia.es/frutas/manzanas/p/97,"2,19 €","2,19 €",KILO,Dia,01/04/2024
Manzanas,Manzana granny granel 800 g aprox.,https://www.dia.es/frutas/manzanas/p/42085,"1,75 €","2,19 €",KILO,Dia,01/04/2024
Manzanas,Manzana pink lady bandeja 550 g,https://www.dia.es/frutas/manzanas/p/159307,"1,99 €","3,62 €",KILO,Dia,01/04/2024
Manzanas,Manzana reineta granel 1 Kg aprox.,https://www.dia.es/frutas/manzanas/p/91,"2,69 €","2,69 €",KILO,Dia,01/04/2024
Manzanas,Manzana roja bolsa 1 Kg,https://www.dia.es/frutas/manzanas/p/11466,"1,99 €","1,99 €",KILO,Dia,01/04/2024
Manzanas,Manzana roja selección granel 1 Kg aprox.,https://www.dia.es/frutas/manzanas/p/69,"2,69 €","2,69 €",KILO,Dia,01/04/2024
Naranja_y_mandarina,Mandarina granel 500 g aprox.,https://www.dia.es/frutas/naranjas-y-mandarinas/p/84,"1,2 €","2,39 €",KILO,Dia,01/04/2024
Naranja_y_mandarina,Mandarina malla 1 Kg,https://www.dia.es/frutas/naranjas-y-mandarinas/p/11464,"1,49 €","1,49 €",KILO,Dia,01/04/2024
Naranja_y_mandarina,Mandarina selección bandeja 750 g,https://www.dia.es/frutas/naranjas-y-mandarinas/p/257839,"1,89 €","2,52 €",KILO,Dia,01/04/2024
Naranja_y_mandarina,Mandarina Torres Selección malla 750 g,https://www.dia.es/frutas/naranjas-y-mandarinas/p/206952,"2,49 €","3,32 €",KILO,Dia,01/04/2024
Naranja_y_mandarina,Naranja especial para zumo malla 4 Kg,https://www.dia.es/frutas/naranjas-y-mandarinas/p/13627,"5,29 €","1,32 €",KILO,Dia,01/04/2024
Naranja_y_mandarina,Naranja selección granel 1 Kg aprox.,https://www.dia.es/frutas/naranjas-y-mandarinas/p/175058,"2,49 €","2,49 €",KILO,Dia,01/04/2024
Naranja_y_mandarina,Naranjas de mesa malla 2 Kg,https://www.dia.es/frutas/naranjas-y-mandarinas/p/11467,"2,99 €","1,5 €",KILO,Dia,01/04/2024
Naranja_y_mandarina,Zumo de naranja recién exprimido botella 1 l,https://www.dia.es/frutas/naranjas-y-mandarinas/p/180348,"4,99 €","4,99 €",LITRO,Dia,01/04/2024
Naranja_y_mandarina,Zumo de naranja recién exprimido botella 250 ml,https://www.dia.es/frutas/naranjas-y-mandarinas/p/176479,"1,99 €","7,96 €",LITRO,Dia,01/04/2024
Naranja_y_mandarina,Zumo de naranja recién exprimido botella 500 ml,https://www.dia.es/frutas/naranjas-y-mandarinas/p/176480,"2,99 €","5,98 €",LITRO,Dia,01/04/2024
Otras_verduras,Acelga bolsa 750 g,https://www.dia.es/verduras/otras-verduras/p/215330,"1,5 €",2 €,KILO,Dia,01/04/2024
Otras_verduras,Apio bolsa 500 g,https://www.dia.es/verduras/otras-verduras/p/21242,"0,99 €","1,98 €",KILO,Dia,01/04/2024
Otras_verduras,Cilantro bandeja 20 g,https://www.dia.es/verduras/otras-verduras/p/233088,"1,19 €","59,5 €",KILO,Dia,01/04/2024
Otras_verduras,Espárrago verde fino manojo aprox. 250 g,https://www.dia.es/verduras/otras-verduras/p/181571,"1,79 €","7,16 €",KILO,Dia,01/04/2024
Otras_verduras,Espárrago verde grueso manojo aprox. 250 g,https://www.dia.es/verduras/otras-verduras/p/165430,"2,89 €","11,56 €",KILO,Dia,01/04/2024
Otras_verduras,Hierbabuena Sun&Vegs bolsa 70 g,https://www.dia.es/verduras/otras-verduras/p/275734,"1,19 €",17 €,KILO,Dia,01/04/2024
Otras_verduras,Jengibre bio bandeja 200 g,https://www.dia.es/verduras/otras-verduras/p/256382,"1,79 €","8,949999999999999 €",KILO,Dia,01/04/2024
Otras_verduras,Perejil manojo 50 g,https://www.dia.es/verduras/otras-verduras/p/191539,"0,99 €","19,8 €",KILO,Dia,01/04/2024
Otras_verduras,Rabanito Sun&Vegs bolsa 250 g,https://www.dia.es/verduras/otras-verduras/p/284862,"0,99 €","3,96 €",KILO,Dia,01/04/2024
Otras_verduras,Repollo rizado unidad aprox. 1 Kg,https://www.dia.es/verduras/otras-verduras/p/42075,"1,49 €","1,49 €",KILO,Dia,01/04/2024
Pasta_y_fideos,Espagueti Al Diante bolsa 1 Kg,https://www.dia.es/arroz-pastas-y-legumbres/pastas/p/52208,"1,3 €","1,3 €",KILO,Dia,01/04/2024
Pasta_y_fideos,Espagueti nº 5 Barilla caja 500 g,https://www.dia.es/arroz-pastas-y-legumbres/pastas/p/16567,"1,79 €","3,58 €",KILO,Dia,01/04/2024
Pasta_y_fideos,Espaguetis nº 3 Gallo bolsa 450 g,https://www.dia.es/arroz-pastas-y-legumbres/pastas/p/69539,"1,33 €","2,96 €",KILO,Dia,01/04/2024
Pasta_y_fideos,Espirales tricolor Al Diante bolsa 500 g,https://www.dia.es/arroz-pastas-y-legumbres/pastas/p/33117,"0,95 €","1,9 €",KILO,Dia,01/04/2024
Pasta_y_fideos,Fideo cabellín Al Diante bolsa 500 g,https://www.dia.es/arroz-pastas-y-legumbres/pastas/p/515,"0,82 €","1,64 €",KILO,Dia,01/04/2024
Pasta_y_fideos,Macarrón Al Diante bolsa 1 Kg,https://www.dia.es/arroz-pastas-y-legumbres/pastas/p/50973,"1,3 €","1,3 €",KILO,Dia,01/04/2024
Pasta_y_fideos,Macarrón Al Diante bolsa 500 g,https://www.dia.es/arroz-pastas-y-legumbres/pastas/p/518,"0,82 €","1,64 €",KILO,Dia,01/04/2024
Pasta_y_fideos,Pasta de tiburones Al Diante bolsa 500 g,https://www.dia.es/arroz-pastas-y-legumbres/pastas/p/1127,"0,82 €","1,64 €",KILO,Dia,01/04/2024
Pasta_y_fideos,Pluma nº 6 Gallo bolsa 450 g,https://www.dia.es/arroz-pastas-y-legumbres/pastas/p/69536,"1,33 €","2,96 €",KILO,Dia,01/04/2024
Pasta_y_fideos,Tallarines Al Diante bolsa 500 g,https://www.dia.es/arroz-pastas-y-legumbres/pastas/p/74729,"0,82 €","1,64 €",KILO,Dia,01/04/2024
Patatas_y_zanahoria,Patata cocer malla 2 Kg,https://www.dia.es/verduras/patatas-y-zanahorias/p/296355,"2,99 €","1,5 €",KILO,Dia,01/04/2024
Patatas_y_zanahoria,Patata de guarnición malla 1 Kg,https://www.dia.es/verduras/patatas-y-zanahorias/p/20298,"1,49 €","1,49 €",KILO,Dia,01/04/2024
Patatas_y_zanahoria,Patata especial para freir malla 2 Kg,https://www.dia.es/verduras/patatas-y-zanahorias/p/248458,"3,75 €","1,88 €",KILO,Dia,01/04/2024
Patatas_y_zanahoria,Patata malla 4 Kg,https://www.dia.es/verduras/patatas-y-zanahorias/p/296356,"3,69 €","0,92 €",KILO,Dia,01/04/2024
Patatas_y_zanahoria,Patata nueva malla 1.5 Kg,https://www.dia.es/verduras/patatas-y-zanahorias/p/302117,"2,89 €","1,93 €",KILO,Dia,01/04/2024
Patatas_y_zanahoria,Patatas granel 1 Kg aprox.,https://www.dia.es/verduras/patatas-y-zanahorias/p/5631,"1,99 €","1,99 €",KILO,Dia,01/04/2024
Patatas_y_zanahoria,Zanahoria bolsa 1 Kg,https://www.dia.es/verduras/patatas-y-zanahorias/p/11421,"1,19 €","1,19 €",KILO,Dia,01/04/2024
Peras,Pera conferencia bandeja 1 Kg,https://www.dia.es/frutas/peras/p/64505,"2,19 €","2,19 €",KILO,Dia,01/04/2024
Peras,Pera Rincón de Soto D.O.P. granel 800 g aprox.,https://www.dia.es/frutas/peras/p/32063,"2,23 €","2,79 €",KILO,Dia,01/04/2024
Platanos,Banana bio bolsa 1 Kg aprox.,https://www.dia.es/frutas/platanos/p/276299,"2,49 €","2,49 €",KILO,Dia,01/04/2024
Platanos,Banana granel 500 g aprox.,https://www.dia.es/frutas/platanos/p/42070,"0,75 €","1,49 €",KILO,Dia,01/04/2024
Platanos,Plátano bio bolsa 1 Kg aprox.,https://www.dia.es/frutas/platanos/p/170563,"2,99 €","2,99 €",KILO,Dia,01/04/2024
Platanos,Plátano de canarias bolsa 1.2 Kg aprox.,https://www.dia.es/frutas/platanos/p/11468,"2,7 €","2,25 €",KILO,Dia,01/04/2024
Platanos,Plátano de Canarias El afortunado 900 g aprox.,https://www.dia.es/frutas/platanos/p/142776,"2,48 €","2,75 €",KILO,Dia,01/04/2024
Sal_y_especies,Ajo en polvo Vegecampo frasco 85 g,https://www.dia.es/aceites-salsas-y-especias/sal-y-especias/p/299121,"0,85 €",10 €,KILO,Dia,01/04/2024
Sal_y_especies,Ajo molido Dani frasco 55 g,https://www.dia.es/aceites-salsas-y-especias/sal-y-especias/p/107989,"1,63 €","29,64 €",KILO,Dia,01/04/2024
Sal_y_especies,Bicarbonato sódico Carmencita bolsa 1 Kg,https://www.dia.es/aceites-salsas-y-especias/sal-y-especias/p/287246,"3,92 €","3,92 €",KILO,Dia,01/04/2024
Sal_y_especies,Cebolla en polvo Vegecampo frasco 60 g,https://www.dia.es/aceites-salsas-y-especias/sal-y-especias/p/299128,"0,95 €","15,83 €",KILO,Dia,01/04/2024
Sal_y_especies,Hojas de laurel Dani bolsa 10 g,https://www.dia.es/aceites-salsas-y-especias/sal-y-especias/p/38750,"0,89 €",89 €,KILO,Dia,01/04/2024
Sal_y_especies,Orégano en hoja Dani frasco 60 g,https://www.dia.es/aceites-salsas-y-especias/sal-y-especias/p/166683,"2,49 €","41,5 €",KILO,Dia,01/04/2024
Sal_y_especies,Orégano Vegecampo frasco 15 g,https://www.dia.es/aceites-salsas-y-especias/sal-y-especias/p/1293,"0,65 €","43,33 €",KILO,Dia,01/04/2024
Sal_y_especies,Perejil Vegecampo frasco 13 g,https://www.dia.es/aceites-salsas-y-especias/sal-y-especias/p/299136,"0,69 €","53,08 €",KILO,Dia,01/04/2024
Sal_y_especies,Sal marina de mesa fina Dia bolsa 1 Kg,https://www.dia.es/aceites-salsas-y-especias/sal-y-especias/p/419,"0,35 €","0,35 €",KILO,Dia,01/04/2024
Sal_y_especies,Sal marina yodada Dia bolsa 1 Kg,https://www.dia.es/aceites-salsas-y-especias/sal-y-especias/p/19518,"0,35 €","0,35 €",KILO,Dia,01/04/2024
Setas_y_champinones,Champiñón entero bandeja 250 g,https://www.dia.es/verduras/setas-y-champinones/p/271527,"0,99 €","3,96 €",KILO,Dia,01/04/2024
Setas_y_champinones,Champiñón grande bandeja 430 g,https://www.dia.es/verduras/setas-y-champinones/p/273421,"2,25 €","5,23 €",KILO,Dia,01/04/2024
Setas_y_champinones,Champiñón laminado bandeja 250 g,https://www.dia.es/verduras/setas-y-champinones/p/25857,"1,59 €","6,36 €",KILO,Dia,01/04/2024
Setas_y_champinones,Champiñón portobello bandeja 250 g,https://www.dia.es/verduras/setas-y-champinones/p/190874,"1,69 €","6,76 €",KILO,Dia,01/04/2024
Setas_y_champinones,Seta ostra bandeja 200 g,https://www.dia.es/verduras/setas-y-champinones/p/13337,"1,39 €","6,95 €",KILO,Dia,01/04/2024
Tomates_pimientos_y_pepinos,Pepino granel 1 Kg aprox.,https://www.dia.es/verduras/tomates-pimientos-y-pepinos/p/272355,"1,69 €","1,69 €",KILO,Dia,01/04/2024
Tomates_pimientos_y_pepinos,Pimiento rojo unidad aprox. 390 g aprox.,https://www.dia.es/verduras/tomates-pimientos-y-pepinos/p/74,"0,97 €","2,49 €",KILO,Dia,01/04/2024
Tomates_pimientos_y_pepinos,Pimiento verde granel 300 g aprox.,https://www.dia.es/verduras/tomates-pimientos-y-pepinos/p/116,"0,9 €","2,99 €",KILO,Dia,01/04/2024
Tomates_pimientos_y_pepinos,Pimientos tricolor bolsa 500 g,https://www.dia.es/verduras/tomates-pimientos-y-pepinos/p/102283,"1,89 €","3,78 €",KILO,Dia,01/04/2024
Tomates_pimientos_y_pepinos,Tomate canario malla 750 g,https://www.dia.es/verduras/tomates-pimientos-y-pepinos/p/272686,"1,69 €","2,25 €",KILO,Dia,01/04/2024
Tomates_pimientos_y_pepinos,Tomate cherry bandeja 400 g,https://www.dia.es/verduras/tomates-pimientos-y-pepinos/p/146690,"1,59 €","3,98 €",KILO,Dia,01/04/2024
Tomates_pimientos_y_pepinos,Tomate cherry pera bandeja 250 g,https://www.dia.es/verduras/tomates-pimientos-y-pepinos/p/161628,"1,29 €","5,16 €",KILO,Dia,01/04/2024
Tomates_pimientos_y_pepinos,Tomate en rama granel 500 g aprox.,https://www.dia.es/verduras/tomates-pimientos-y-pepinos/p/109,"1,25 €","2,49 €",KILO,Dia,01/04/2024
Tomates_pimientos_y_pepinos,Tomate ensalada granel 500 g aprox.,https://www.dia.es/verduras/tomates-pimientos-y-pepinos/p/110,"1,15 €","2,29 €",KILO,Dia,01/04/2024
Tomates_pimientos_y_pepinos,Tomate pera granel 500 g aprox.,https://www.dia.es/verduras/tomates-pimientos-y-pepinos/p/45863,"1,15 €","2,29 €",KILO,Dia,01/04/2024
Uvas,Uva blanca sin semilla bandeja 500 g,https://www.dia.es/frutas/uvas/p/2672,"2,99 €","5,98 €",KILO,Dia,01/04/2024
Uvas,Uva roja sin semilla bandeja 500 g,https://www.dia.es/frutas/uvas/p/265910,"2,99 €","5,98 €",KILO,Dia,01/04/2024
