Categoría,Nombre,Cantidad,Suma de Precio Inicio(€),Suma de Precio Oferta(€),Cantidad del precio,Supermercado,Fecha
Melon_y_sandia,1/4 Sandía baja en semillas,"1/4 Pieza 1,53 kg aprox.",3.5,,ud.,Mercadona,2024-03-11 00:00:00
Verduras_al_vapor,3 Vegetales para microondas,Paquete 300 g,1.64,,ud.,Mercadona,2024-03-11 00:00:00
Aceite_de_girasol_semillas_y_maiz,Aceite de coco virgen Hacendado,Bote 450 ml,4.4,,ud.,Mercadona,2024-03-11 00:00:00
Aceite_de_girasol_semillas_y_maiz,"Aceite de girasol refinado 0,2º Hacendado",Botella 1 L,1.45,,ud.,Mercadona,2024-03-11 00:00:00
Aceite_de_girasol_semillas_y_maiz,"Aceite de girasol refinado 0,2º Hacendado",Garrafa 5 L,6.95,6.75,ud.,Mercadona,2024-03-11 00:00:00
Aceite_de_oliva,"Aceite de oliva 0,4º Hacendado",Botella 1 L,9.25,,ud.,Mercadona,2024-03-11 00:00:00
Aceite_de_oliva,Aceite de oliva 1º Hacendado,Botella 1 L,9.25,,ud.,Mercadona,2024-03-11 00:00:00
Aceite_de_oliva,Aceite de oliva intenso Hacendado,Garrafa 3 L,27.6,,ud.,Mercadona,2024-03-11 00:00:00
Aceite_de_oliva,Aceite de oliva suave Hacendado,Garrafa 3 L,27.6,,ud.,Mercadona,2024-03-11 00:00:00
Aceite_de_oliva,Aceite de oliva virgen extra Hacendado,Botella 1 L,9.9,,ud.,Mercadona,2024-03-11 00:00:00
Aceite_de_oliva,Aceite de oliva virgen extra Hacendado,Garrafa 3 L,29.55,,ud.,Mercadona,2024-03-11 00:00:00
Aceite_de_oliva,Aceite de oliva virgen extra Hacendado,Spray 200 ml,3.3,,ud.,Mercadona,2024-03-11 00:00:00
Aceite_de_oliva,Aceite de oliva virgen extra Hacendado Gran Selección,Botella 750 ml,8.1,,ud.,Mercadona,2024-03-11 00:00:00
Aceite_de_oliva,Aceite de oliva virgen extra Picual Casa Juncal,Botella 500 ml,7.85,,ud.,Mercadona,2024-03-11 00:00:00
Aceite_de_oliva,Aceite de oliva virgen Hacendado,Botella 1 L,9.55,,ud.,Mercadona,2024-03-11 00:00:00
Aceite_de_oliva,Aceite de oliva virgen Hacendado,Garrafa 3 L,28.5,,ud.,Mercadona,2024-03-11 00:00:00
Vinagre_y_otros_aderezos,"Aceite de oliva, vinagre y sal Merry",15 monodosis x 10 ml,2.2,,pack,Mercadona,2024-03-11 00:00:00
Otras_verduras_y_hortalizas,Acelgas,Paquete 800 g,2.26,,ud.,Mercadona,2024-03-11 00:00:00
Otras_verduras_y_hortalizas,Acelgas cortadas,Paquete 300 g,1.2,,ud.,Mercadona,2024-03-11 00:00:00
Agua_sin_gas,Agua de coco Chaokoh 100% natural,Brick 1 L,2.6,,ud.,Mercadona,2024-03-11 00:00:00
Agua_con_gas,Agua de soda con sifón La Casa,"Botella 1,5 L",1.6,,ud.,Mercadona,2024-03-11 00:00:00
Agua_con_gas,Agua mineral con gas grande Aguadoy,"6 botellas x 1,5 L",2.46,,pack,Mercadona,2024-03-11 00:00:00
Agua_con_gas,Agua mineral con gas grande Aguadoy,"Botella 1,5 L",0.41,,ud.,Mercadona,2024-03-11 00:00:00
Agua_con_gas,Agua mineral con gas grande Vichy Catalan,Botella 1 L,1.49,,ud.,Mercadona,2024-03-11 00:00:00
Agua_con_gas,Agua mineral con gas pequeña Aguadoy,6 botellas x 500 ml,1.62,,pack,Mercadona,2024-03-11 00:00:00
Agua_con_gas,Agua mineral con gas pequeña Aguadoy,Botella 500 ml,0.27,,ud.,Mercadona,2024-03-11 00:00:00
Agua_con_gas,Agua mineral con gas pequeña Vichy Catalan,6 botellas x 300 ml,5.89,,pack,Mercadona,2024-03-11 00:00:00
Agua_sin_gas,Agua mineral grande Aguadoy,"6 botellas x 1,5 L",1.5,,pack,Mercadona,2024-03-11 00:00:00
Agua_sin_gas,Agua mineral grande Aguadoy,"Botella 1,5 L",0.25,,ud.,Mercadona,2024-03-11 00:00:00
Agua_sin_gas,Agua mineral grande Aguadoy,Garrafa 6 L,0.78,,ud.,Mercadona,2024-03-11 00:00:00
Agua_sin_gas,Agua mineral grande Aguadoy,Garrafa 8 L,0.89,,ud.,Mercadona,2024-03-11 00:00:00
Agua_sin_gas,Agua mineral grande Fuente Dehesa,"6 botellas x 1,5 L",2.34,,pack,Mercadona,2024-03-11 00:00:00
Agua_sin_gas,Agua mineral grande Fuente Dehesa,"Botella 1,5 L",0.39,,ud.,Mercadona,2024-03-11 00:00:00
Agua_sin_gas,Agua mineral grande Fuente Dehesa,Garrafa 6 L,1.26,,ud.,Mercadona,2024-03-11 00:00:00
Agua_sin_gas,Agua mineral grande Lanjarón,"6 botellas x 1,5 L",4.2,,pack,Mercadona,2024-03-11 00:00:00
Agua_sin_gas,Agua mineral grande Lanjarón,"Botella 1,5 L",0.73,,ud.,Mercadona,2024-03-11 00:00:00
Agua_sin_gas,Agua mineral grande Liviana,6 botellas x 2 L,4.8,,pack,Mercadona,2024-03-11 00:00:00
Agua_sin_gas,Agua mineral grande Liviana,Botella 2 L,0.8,,ud.,Mercadona,2024-03-11 00:00:00
Agua_sin_gas,Agua mineral grande Nestlé Aquarel,"6 botellas x 1,5 L",3.54,,pack,Mercadona,2024-03-11 00:00:00
Agua_sin_gas,Agua mineral grande Nestlé Aquarel,"Botella 1,5 L",0.59,,ud.,Mercadona,2024-03-11 00:00:00
Agua_sin_gas,Agua mineral grande Solán de Cabras,"6 botellas x 1,5 L",5.34,,pack,Mercadona,2024-03-11 00:00:00
Agua_sin_gas,Agua mineral grande Solán de Cabras,"Botella 1,5 L",0.89,,ud.,Mercadona,2024-03-11 00:00:00
Agua_sin_gas,Agua mineral mediana Aguadoy,6 botellas x 1 L,2.4,,pack,Mercadona,2024-03-11 00:00:00
Agua_sin_gas,Agua mineral mediana Aguadoy,Botella 1 L,0.4,,ud.,Mercadona,2024-03-11 00:00:00
Agua_sin_gas,Agua mineral mediana Fuente Dehesa,6 botellas x 1 L,3,,pack,Mercadona,2024-03-11 00:00:00
Agua_sin_gas,Agua mineral mediana Fuente Dehesa,Botella 1 L,0.5,,ud.,Mercadona,2024-03-11 00:00:00
Agua_sin_gas,Agua mineral pequeña Aguadoy,6 botellas x 500 ml,1.32,,pack,Mercadona,2024-03-11 00:00:00
Agua_sin_gas,Agua mineral pequeña Aguadoy,Botella 500 ml,0.22,,ud.,Mercadona,2024-03-11 00:00:00
Agua_sin_gas,Agua mineral pequeña Aguadoy tapón infantil,6 botellas x 330 ml,1.44,,pack,Mercadona,2024-03-11 00:00:00
Agua_sin_gas,Agua mineral pequeña Aguadoy tapón infantil,Botella 330 ml,0.24,,ud.,Mercadona,2024-03-11 00:00:00
Agua_sin_gas,Agua mineral pequeña Fuente Dehesa,6 botellas x 500 ml,1.62,,pack,Mercadona,2024-03-11 00:00:00
Agua_sin_gas,Agua mineral pequeña Fuente Dehesa,Botella 500 ml,0.27,,ud.,Mercadona,2024-03-11 00:00:00
Agua_sin_gas,Agua mineral pequeña Fuente Dehesa tapón infantil,6 botellas x 330 ml,2.28,,pack,Mercadona,2024-03-11 00:00:00
Agua_sin_gas,Agua mineral pequeña Fuente Dehesa tapón infantil,Botella 330 ml,0.38,,ud.,Mercadona,2024-03-11 00:00:00
Fruta_tropical,Aguacate,Pieza 254 g aprox.,1.33,,ud.,Mercadona,2024-03-11 00:00:00
Fruta_tropical,Aguacates,550 g aprox.,2.69,,pack,Mercadona,2024-03-11 00:00:00
Cebolla_y_ajo,Ajo negro dientes pelados,Tarrina 85 g,4.45,,ud.,Mercadona,2024-03-11 00:00:00
Cebolla_y_ajo,Ajo tierno,Manojo 200 g,2.35,,ud.,Mercadona,2024-03-11 00:00:00
Cebolla_y_ajo,Ajos morados,Malla 250 g,1.55,,ud.,Mercadona,2024-03-11 00:00:00
Cebolla_y_ajo,Ajos morados,Malla 400 g,2.1,,ud.,Mercadona,2024-03-11 00:00:00
Hierbas_aromaticas,Albahaca,Bandeja 20 g,1.5,,ud.,Mercadona,2024-03-11 00:00:00
Otras_verduras_y_hortalizas,Alcachofa,Pieza 150 g aprox.,0.4,,ud.,Mercadona,2024-03-11 00:00:00
Alubias,Alubia blanca Hacendado,Paquete 1 kg,1.85,,ud.,Mercadona,2024-03-11 00:00:00
Alubias,Alubia cocida blanca Hacendado,Tarro 295 g (210 g escurrido),0.65,,ud.,Mercadona,2024-03-11 00:00:00
Alubias,Alubia cocida blanca Hacendado,Tarro 570 g (400 g escurrido),0.69,,ud.,Mercadona,2024-03-11 00:00:00
Alubias,Alubia cocida granja Hacendado,Tarro 570 g (350 g escurrido),1.5,,ud.,Mercadona,2024-03-11 00:00:00
Alubias,Alubia cocida pinta Hacendado,Tarro 570 g (400 g escurrido),1.1,,ud.,Mercadona,2024-03-11 00:00:00
Alubias,Alubia cocida roja Hacendado,Tarro 570 g (400 g escurrido),1.05,,ud.,Mercadona,2024-03-11 00:00:00
Alubias,Alubia granja Hacendado,Paquete 500 g,2.84,,ud.,Mercadona,2024-03-11 00:00:00
Alubias,Alubia negra Hacendado,Paquete 1 kg,2.4,,ud.,Mercadona,2024-03-11 00:00:00
Alubias,Alubia pinta Hacendado,Paquete 1 kg,2.16,,ud.,Mercadona,2024-03-11 00:00:00
Alubias,Alubia roja Hacendado,Paquete 1 kg,2.55,,ud.,Mercadona,2024-03-11 00:00:00
Otras_verduras_y_hortalizas,Apio verde,Paquete 660 g aprox.,1.26,,ud.,Mercadona,2024-03-11 00:00:00
Otras_frutas,Arándanos,Tarrina 500 g,6.49,6.25,ud.,Mercadona,2024-03-11 00:00:00
Otras_frutas,Arándanos,Vaso 225 g,3.15,2.99,ud.,Mercadona,2024-03-11 00:00:00
Arroz,Arroz basmati aromático Hacendado,Paquete 1 kg,2.54,2.44,ud.,Mercadona,2024-03-11 00:00:00
Arroz,Arroz bomba Hacendado,Paquete 1 kg,4.9,,ud.,Mercadona,2024-03-11 00:00:00
Arroz,Arroz cocido basmati Sabroz,2 vasitos x 125 g,1.2,,pack,Mercadona,2024-03-11 00:00:00
Arroz,Arroz cocido integral Sabroz,2 vasitos x 125 g,1.15,,pack,Mercadona,2024-03-11 00:00:00
Arroz,Arroz cocido redondo Sabroz,2 vasitos x 125 g,1.15,,pack,Mercadona,2024-03-11 00:00:00
Arroz,Arroz integral redondo Hacendado,Paquete 1 kg,1.7,,ud.,Mercadona,2024-03-11 00:00:00
Arroz,Arroz largo Hacendado,Paquete 1 kg,1.3,,ud.,Mercadona,2024-03-11 00:00:00
Arroz,Arroz redondo Hacendado,Paquete 1 kg,1.27,,ud.,Mercadona,2024-03-11 00:00:00
Arroz,Arroz redondo J Sendra Hacendado,Paquete 1 kg,1.54,,ud.,Mercadona,2024-03-11 00:00:00
Arroz,Arroz redondo Sabroz,Paquete 1 kg,2.68,,ud.,Mercadona,2024-03-11 00:00:00
Arroz,Arroz redondo SOS,Paquete 1 kg,1.8,,ud.,Mercadona,2024-03-11 00:00:00
Arroz,Arroz vaporizado Hacendado,Paquete 1 kg,1.54,,ud.,Mercadona,2024-03-11 00:00:00
Cereales_integrales_y_muesli,Avena molida Hacendado,Paquete 500 g,1.11,,ud.,Mercadona,2024-03-11 00:00:00
Azucar,Azúcar blanco en sobres Hacendado,Caja 50 sticks (350 g),1.55,,ud.,Mercadona,2024-03-11 00:00:00
Azucar,Azúcar blanco Hacendado,Paquete 1 kg,1.45,,ud.,Mercadona,2024-03-11 00:00:00
Azucar,Azúcar glas Hacendado,Bote 500 g,2.6,,ud.,Mercadona,2024-03-11 00:00:00
Azucar,Azúcar moreno de caña en sobres Hacendado,Caja 50 sobres (350 g),1.6,,ud.,Mercadona,2024-03-11 00:00:00
Azucar,Azúcar moreno de caña Hacendado,Paquete 1 kg,1.95,,ud.,Mercadona,2024-03-11 00:00:00
Platano_y_uva,Banana,Pieza 184 g aprox.,0.27,,ud.,Mercadona,2024-03-11 00:00:00
Galletas_con_chocolate_y_rellenas,Barquillos con crema de avellanas Hacendado,Paquete 250 g,1.5,,ud.,Mercadona,2024-03-11 00:00:00
Galletas_con_chocolate_y_rellenas,Barquillos rellenos de chocolate Hacendado,Paquete 210 g,1,,ud.,Mercadona,2024-03-11 00:00:00
Galletas_con_chocolate_y_rellenas,Barquillos rellenos de nata Hacendado 0% azúcares añadidos,Paquete 210 g,1.1,,ud.,Mercadona,2024-03-11 00:00:00
Galletas_con_chocolate_y_rellenas,Barquillos rellenos sabor nata Hacendado,Paquete 210 g,1,,ud.,Mercadona,2024-03-11 00:00:00
Barritas_de_cereales,Barrita con proteínas Enervit Sport sabor chocolate negro,Caja 3 barritas (180 g),4.9,,ud.,Mercadona,2024-03-11 00:00:00
Barritas_de_cereales,Barritas 100% fruta de manzana y plátano Hacendado,Caja 3 barritas (90 g),1.75,,ud.,Mercadona,2024-03-11 00:00:00
Barritas_de_cereales,Barritas con proteínas Enervit Sport sabor coco y chocolate,Caja 3 barritas (120 g),3.15,2.75,ud.,Mercadona,2024-03-11 00:00:00
Barritas_de_cereales,Barritas de avena Hacendado con chocolate negro,Caja 6 paquetes (252 g),2.35,,ud.,Mercadona,2024-03-11 00:00:00
Barritas_de_cereales,Barritas de cereales con frutos secos Hacendado,Caja 6 barritas (150 g),1.65,,ud.,Mercadona,2024-03-11 00:00:00
Barritas_de_cereales,Barritas de cereales Hacendado chocolate con leche,Caja 6 barritas (120 g),1.4,,ud.,Mercadona,2024-03-11 00:00:00
Barritas_de_cereales,Barritas de cereales Hacendado con cacahuetes sabor caramelo,Caja 4 barritas (138 g),1.7,,ud.,Mercadona,2024-03-11 00:00:00
Barritas_de_cereales,Barritas de cereales Hacendado con chocolate blanco,Caja 6 barritas (127 g),1.3,,ud.,Mercadona,2024-03-11 00:00:00
Barritas_de_cereales,Barritas de cereales muesli Hacendado con chocolate,Caja 6 barritas (138 g),1.4,,ud.,Mercadona,2024-03-11 00:00:00
Barritas_de_cereales,Barritas de espelta Hacendado sabor manzana,Caja 6 barritas (120 g),1.5,,ud.,Mercadona,2024-03-11 00:00:00
Galletas_con_chocolate_y_rellenas,Barritas de galleta bañadas en chocolate con leche Chips Ahoy,Caja 5 barritas (140 g),1.25,,ud.,Mercadona,2024-03-11 00:00:00
Barritas_de_cereales,Barritas de galleta rellenas de arándanos Hacendado,Caja 5 barritas (125 g),1.5,,ud.,Mercadona,2024-03-11 00:00:00
Barritas_de_cereales,Barritas Sustitutivo de comida Belladieta sabor avena y chocolate con leche,Caja 4 barritas (120 g),3.1,,ud.,Mercadona,2024-03-11 00:00:00
Patata,Batata,Pieza 424 g aprox.,0.89,,ud.,Mercadona,2024-03-11 00:00:00
Verduras_al_vapor,Batata para microondas,Paquete 400 g,2.4,,ud.,Mercadona,2024-03-11 00:00:00
Batidos,Batido de chocolate 90% leche Hacendado,6 mini bricks x 200 ml,1.65,,pack,Mercadona,2024-03-11 00:00:00
Batidos,Batido de chocolate 90% leche Hacendado,Botella 1 L,1.35,,ud.,Mercadona,2024-03-11 00:00:00
Batidos,Batido de chocolate 90% leche Puleva,6 mini bricks x 200 ml,2.75,,pack,Mercadona,2024-03-11 00:00:00
Batidos,Batido de chocolate ColaCao Energy,4 mini botellas x 188 ml,2.65,,pack,Mercadona,2024-03-11 00:00:00
Batidos,Batido de chocolate Hacendado,6 mini bricks x 200 ml,1.4,,pack,Mercadona,2024-03-11 00:00:00
Batidos,Batido de chocolate Hacendado,Botella 1 L,1.2,,ud.,Mercadona,2024-03-11 00:00:00
Batidos,Batido de chocolate Hacendado 0% sin azúcares añadidos,6 mini bricks x 200 ml,1.85,,pack,Mercadona,2024-03-11 00:00:00
Batidos,Batido de vainilla Hacendado,6 mini bricks x 200 ml,1.55,,pack,Mercadona,2024-03-11 00:00:00
Batidos,Batido sabor fresa Hacendado,6 mini bricks x 200 ml,1.55,,pack,Mercadona,2024-03-11 00:00:00
Batidos,Batido sabor fresa Hacendado,Botella 1 L,1.2,,ud.,Mercadona,2024-03-11 00:00:00
Batidos,Batido sabor vainilla Hacendado,Botella 1 L,1.2,,ud.,Mercadona,2024-03-11 00:00:00
Vinagre_y_otros_aderezos,Bebida aromatizada a base de vino para cocinar Abuela Carola,Botella 750 ml,2.35,,ud.,Mercadona,2024-03-11 00:00:00
Bebidas_vegetales,Bebida de almendras Hacendado,6 bricks x 1 L,7.8,7.5,pack,Mercadona,2024-03-11 00:00:00
Bebidas_vegetales,Bebida de almendras Hacendado,Brick 1 L,1.3,1.25,ud.,Mercadona,2024-03-11 00:00:00
Bebidas_vegetales,Bebida de almendras zero Hacendado,6 bricks x 1 L,8.1,7.8,pack,Mercadona,2024-03-11 00:00:00
Bebidas_vegetales,Bebida de almendras zero Hacendado,Brick 1 L,1.35,1.3,ud.,Mercadona,2024-03-11 00:00:00
Bebidas_vegetales,Bebida de arroz sin azúcares añadidos Hacendado,6 bricks x 1 L,6.6,,pack,Mercadona,2024-03-11 00:00:00
Bebidas_vegetales,Bebida de arroz sin azúcares añadidos Hacendado,Brick 1 L,1.1,,ud.,Mercadona,2024-03-11 00:00:00
Bebidas_vegetales,Bebida de avellana y arroz sin azúcares añadidos Hacendado,6 bricks x 1 L,8.1,7.8,pack,Mercadona,2024-03-11 00:00:00
Bebidas_vegetales,Bebida de avellana y arroz sin azúcares añadidos Hacendado,Brick 1 L,1.35,1.3,ud.,Mercadona,2024-03-11 00:00:00
Bebidas_vegetales,Bebida de avena Alitey,3 mini bricks x 250 ml,1.5,,pack,Mercadona,2024-03-11 00:00:00
Bebidas_vegetales,Bebida de avena Alitey,6 bricks x 1 L,5.7,,pack,Mercadona,2024-03-11 00:00:00
Bebidas_vegetales,Bebida de avena Alitey,Brick 1 L,0.95,,ud.,Mercadona,2024-03-11 00:00:00
Bebidas_vegetales,Bebida de avena con café Hacendado,Vaso 250 ml,0.9,,ud.,Mercadona,2024-03-11 00:00:00
Bebidas_vegetales,Bebida de avena con chocolate Hacendado sin azucares añadidos,6 bricks x 1 L,7.2,,pack,Mercadona,2024-03-11 00:00:00
Bebidas_vegetales,Bebida de avena con chocolate sin azúcares añadidos Hacendado,3 mini bricks x 250 ml,1.55,,pack,Mercadona,2024-03-11 00:00:00
Bebidas_vegetales,Bebida de avena con chocolate sin azúcares añadidos Hacendado,Brick 1 L,1.2,,ud.,Mercadona,2024-03-11 00:00:00
Bebidas_vegetales,Bebida de avena Hacendado 0% azúcar,6 bricks x 1 L,4.8,,pack,Mercadona,2024-03-11 00:00:00
Bebidas_vegetales,Bebida de avena Hacendado 0% azúcar,Brick 1 L,0.8,,ud.,Mercadona,2024-03-11 00:00:00
Bebidas_vegetales,Bebida de avena sin azúcares añadidos Hacendado,6 bricks x 1 L,7.2,,pack,Mercadona,2024-03-11 00:00:00
Bebidas_vegetales,Bebida de avena sin azúcares añadidos Hacendado,Brick 1 L,1.2,,ud.,Mercadona,2024-03-11 00:00:00
Bebidas_vegetales,Bebida de chufa Hacendado sin azúcares añadidos,Brick 1 L,1.5,,ud.,Mercadona,2024-03-11 00:00:00
Bebidas_vegetales,Bebida de coco y arroz sin azúcares añadidos Hacendado,6 bricks x 1 L,9,,pack,Mercadona,2024-03-11 00:00:00
Bebidas_vegetales,Bebida de coco y arroz sin azúcares añadidos Hacendado,Brick 1 L,1.5,,ud.,Mercadona,2024-03-11 00:00:00
Bebidas_vegetales,Bebida de soja 0% azúcares Hacendado,6 bricks x 1 L,4.8,,pack,Mercadona,2024-03-11 00:00:00
Bebidas_vegetales,Bebida de soja 0% azúcares Hacendado,Brick 1 L,0.8,,ud.,Mercadona,2024-03-11 00:00:00
Bebidas_vegetales,Bebida de soja con calcio y vitaminas Hacendado,6 bricks x 1 L,4.2,,pack,Mercadona,2024-03-11 00:00:00
Bebidas_vegetales,Bebida de soja con calcio y vitaminas Hacendado,Brick 1 L,0.7,,ud.,Mercadona,2024-03-11 00:00:00
Bebidas_vegetales,Bebida de soja sabor café sin azúcares añadidos Hacendado,6 bricks x 1 L,7.5,,pack,Mercadona,2024-03-11 00:00:00
Bebidas_vegetales,Bebida de soja sabor café sin azúcares añadidos Hacendado,Brick 1 L,1.25,,ud.,Mercadona,2024-03-11 00:00:00
Bebidas_vegetales,Bebida de soja sabor vainilla Hacendado 0% azúcar,6 bricks x 1 L,6.6,,pack,Mercadona,2024-03-11 00:00:00
Bebidas_vegetales,Bebida de soja sabor vainilla Hacendado 0% azúcar,Brick 1 L,1.1,,ud.,Mercadona,2024-03-11 00:00:00
Leche_infantil,Bebida láctea con cereales crecimiento y desarrollo Puleva Max,6 bricks x 1 L,11.34,,pack,Mercadona,2024-03-11 00:00:00
Leche_infantil,Bebida láctea con cereales crecimiento y desarrollo Puleva Max,Brick 1 L,1.89,,ud.,Mercadona,2024-03-11 00:00:00
Leche_infantil,Bebida láctea crecimiento y desarrollo Puleva Max,6 bricks x 1 L,11.34,,pack,Mercadona,2024-03-11 00:00:00
Leche_infantil,Bebida láctea crecimiento y desarrollo Puleva Max,Brick 1 L,1.89,,ud.,Mercadona,2024-03-11 00:00:00
Leche_desnatada,Bebida láctea desnatada omega 3 Hacendado,6 bricks x 1 L,6.6,,pack,Mercadona,2024-03-11 00:00:00
Leche_desnatada,Bebida láctea desnatada omega 3 Hacendado,Brick 1 L,1.1,,ud.,Mercadona,2024-03-11 00:00:00
Leche_desnatada,Bebida láctea Omega 3 Puleva con leche desnatada,6 bricks x 1 L,11.4,,pack,Mercadona,2024-03-11 00:00:00
Leche_desnatada,Bebida láctea Omega 3 Puleva con leche desnatada,Brick 1 L,1.9,,ud.,Mercadona,2024-03-11 00:00:00
Leche_desnatada,Bebida láctea Omega 3 Puleva con nueces y leche desnatada,6 bricks x 1 L,11.7,,pack,Mercadona,2024-03-11 00:00:00
Leche_desnatada,Bebida láctea Omega 3 Puleva con nueces y leche desnatada,Brick 1 L,1.95,,ud.,Mercadona,2024-03-11 00:00:00
Leche_semidesnatada,Bebida láctea semidesnatada con fibra Hacendado,6 bricks x 1 L,7.5,,pack,Mercadona,2024-03-11 00:00:00
Leche_semidesnatada,Bebida láctea semidesnatada con fibra Hacendado,Brick 1 L,1.25,,ud.,Mercadona,2024-03-11 00:00:00
Otras_verduras_y_hortalizas,Berenjena,Pieza 366 g aprox.,0.58,,ud.,Mercadona,2024-03-11 00:00:00
Sal_y_bicarbonato,Bicarbonato sódico Hacendado,Bote 300 g,1.1,,ud.,Mercadona,2024-03-11 00:00:00
Sal_y_bicarbonato,Bicarbonato sódico Hacendado,Paquete 1 kg,1.5,,ud.,Mercadona,2024-03-11 00:00:00
Otras_verduras_y_hortalizas,Brócoli,Pieza 393 g aprox.,0.98,,ud.,Mercadona,2024-03-11 00:00:00
Calabacin_y_pimiento,Calabacín blanco,Pieza 352 g aprox.,0.7,,ud.,Mercadona,2024-03-11 00:00:00
Calabacin_y_pimiento,Calabacín verde,Pieza 403 g aprox.,0.72,,ud.,Mercadona,2024-03-11 00:00:00
Otras_verduras_y_hortalizas,Calabaza cacahuete,"Pieza 1,06 kg aprox.",1.96,,ud.,Mercadona,2024-03-11 00:00:00
Otras_verduras_y_hortalizas,Calabaza cacahuete cortada a trozos,Bandeja 450 g aprox.,1.8,,ud.,Mercadona,2024-03-11 00:00:00
Cebolla_y_ajo,Cebollas,Malla 1 kg,2.39,,ud.,Mercadona,2024-03-11 00:00:00
Cebolla_y_ajo,Cebollas,Malla 2 kg,3.85,,ud.,Mercadona,2024-03-11 00:00:00
Cebolla_y_ajo,Cebollas dulces,Malla 1 kg,2.44,,ud.,Mercadona,2024-03-11 00:00:00
Cebolla_y_ajo,Cebollas rojas,Malla 500 g,1.45,,ud.,Mercadona,2024-03-11 00:00:00
Cebolla_y_ajo,Cebollas tiernas,Manojo 3 ud.,1.29,,ud.,Mercadona,2024-03-11 00:00:00
Hierbas_aromaticas,Cebollino,Bandeja 20 g,1.8,,ud.,Mercadona,2024-03-11 00:00:00
Cereales_integrales_y_muesli,Cereales avena Crunchy Hacendado,Caja 400 g,2,1.9,ud.,Mercadona,2024-03-11 00:00:00
Cereales_integrales_y_muesli,Cereales avena Crunchy Hacendado de cacao,Caja 400 g,2.15,,ud.,Mercadona,2024-03-11 00:00:00
Cereales_integrales_y_muesli,Cereales Cereal Mix Hacendado 0% azúcares añadidos,Paquete 375 g,2.4,,ud.,Mercadona,2024-03-11 00:00:00
Cereales_integrales_y_muesli,Cereales con salvado de trigo Fibra Sticks Hacendado,Caja 500 g,1.8,,ud.,Mercadona,2024-03-11 00:00:00
Cereales,Cereales copos de maíz Corn Flakes Hacendado 0% azúcares añadidos,Caja 500 g,1.5,,ud.,Mercadona,2024-03-11 00:00:00
Cereales,Cereales copos de maíz Corn Flakes Harvest Home sin gluten,Caja 375 g,2.59,,ud.,Mercadona,2024-03-11 00:00:00
Cereales,Cereales copos de maíz Corn Flakes Kellogg's,Caja 500 g,3,,ud.,Mercadona,2024-03-11 00:00:00
Cereales,Cereales copos de trigo Chocodays Hacendado con chocolate,Caja 500 g,1.8,,ud.,Mercadona,2024-03-11 00:00:00
Cereales_integrales_y_muesli,Cereales copos de trigo espelta integral Hacendado 0% azúcares añadidos,Paquete 400 g,1.75,1.7,ud.,Mercadona,2024-03-11 00:00:00
Cereales_integrales_y_muesli,Cereales copos de trigo integral y arroz Hacendado 0% azúcares añadidos,Caja 500 g,2.05,2,ud.,Mercadona,2024-03-11 00:00:00
Cereales_integrales_y_muesli,Cereales copos de trigo integral y arroz Hacendado bañados en chocolate con leche,Caja 375 g,2.35,,ud.,Mercadona,2024-03-11 00:00:00
Cereales_integrales_y_muesli,Cereales copos de trigo integral y arroz Special K Classic,Caja 450 g,3.25,,ud.,Mercadona,2024-03-11 00:00:00
Cereales_integrales_y_muesli,Cereales copos tostados de trigo integral y arroz Hacendado con chocolate,Caja 425 g,2,,ud.,Mercadona,2024-03-11 00:00:00
Cereales,Cereales de arroz inflado Choco Krispies Kellogg's con chocolate,Caja 420 g,3.55,,ud.,Mercadona,2024-03-11 00:00:00
Cereales,Cereales de arroz inflado Choco Rice Hacendado con chocolate,Caja 500 g,2.1,,ud.,Mercadona,2024-03-11 00:00:00
Cereales,Cereales estrellas de maíz Stars Hacendado con miel,Caja 400 g,2.1,,ud.,Mercadona,2024-03-11 00:00:00
Cereales_integrales_y_muesli,Cereales integrales copos de trigo Chocapic Nestlé con chocolate,Caja 625 g,3.95,3.35,ud.,Mercadona,2024-03-11 00:00:00
Cereales,Cereales rellenos de chocolate y avellana Hacendado,Paquete 500 g,2.15,2.1,ud.,Mercadona,2024-03-11 00:00:00
Cereales,Cereales rellenos de crema de cacao y avellana Hacendado sin gluten,Paquete 400 g,2.25,,ud.,Mercadona,2024-03-11 00:00:00
Cereales,Cereales rellenos de leche Hacendado,Caja 500 g,2.6,2.5,ud.,Mercadona,2024-03-11 00:00:00
Cereales_integrales_y_muesli,Cereales y semillas granola Hacendado con frutos secos,Paquete 400 g,2.4,,ud.,Mercadona,2024-03-11 00:00:00
Setas_y_champinones,Champiñón grande,Bandeja 430 g aprox.,2.21,,ud.,Mercadona,2024-03-11 00:00:00
Setas_y_champinones,Champiñón laminado limpio,Bandeja 320 g aprox.,1.99,,ud.,Mercadona,2024-03-11 00:00:00
Setas_y_champinones,Champiñón pequeño,Bandeja 300 g aprox.,1.43,,ud.,Mercadona,2024-03-11 00:00:00
Setas_y_champinones,Champiñón Portobello,Bandeja 300 g aprox.,2.03,,ud.,Mercadona,2024-03-11 00:00:00
Hierbas_aromaticas,Cilantro,Bandeja 20 g,1.25,,ud.,Mercadona,2024-03-11 00:00:00
Huevos,Claras de huevo líquidas pasteurizadas,Botella 1 L,2.7,2.6,ud.,Mercadona,2024-03-11 00:00:00
Huevos,Claras de huevo líquidas pasteurizadas,Botella 300 ml,1.55,,ud.,Mercadona,2024-03-11 00:00:00
Repollo_y_col,Col lombarda,"Pieza 1,1 kg aprox.",2.03,,ud.,Mercadona,2024-03-11 00:00:00
Repollo_y_col,Coliflor,"Pieza 1,04 kg aprox.",2.06,,ud.,Mercadona,2024-03-11 00:00:00
Cereales_integrales_y_muesli,Copos crujientes de cereales Granola Hacendado con trozos de fresas,Paquete 400 g,2.4,,ud.,Mercadona,2024-03-11 00:00:00
Cereales_integrales_y_muesli,Copos de avena Brüggen,Caja 500 g,0.95,,ud.,Mercadona,2024-03-11 00:00:00
Arroz,Cous cous mediano Bia,Caja 1 kg,1.9,1.85,ud.,Mercadona,2024-03-11 00:00:00
Leche_condensada_y_otros,Crema de leche para café Campina,Paquete 20 ud. (200 ml),1.1,,ud.,Mercadona,2024-03-11 00:00:00
Vinagre_y_otros_aderezos,Crema de vinagre balsámico de Módena Hacendado,Botella 250 g,1.75,,ud.,Mercadona,2024-03-11 00:00:00
Edulcorantes_y_otros,Edulcorante en pastillas sacarina Hacendado,Bote 850 pastillas (52 g),1.15,,ud.,Mercadona,2024-03-11 00:00:00
Edulcorantes_y_otros,Edulcorante en pastillas stevia Hacendado,Bote 175 pastillas (9 g),1.85,,ud.,Mercadona,2024-03-11 00:00:00
Edulcorantes_y_otros,Edulcorante en sobres sacarina Hacendado,Caja 60 sobres (60 g),1.15,,ud.,Mercadona,2024-03-11 00:00:00
Edulcorantes_y_otros,Edulcorante en sobres stevia Hacendado,Caja 54 sobres (54 g),2,,ud.,Mercadona,2024-03-11 00:00:00
Edulcorantes_y_otros,Edulcorante Eritritol y Sucralosa Hacendado,Bote 200 g,3.2,,ud.,Mercadona,2024-03-11 00:00:00
Edulcorantes_y_otros,Edulcorante granulado stevia Hacendado,Bote 200 g,3.1,,ud.,Mercadona,2024-03-11 00:00:00
Edulcorantes_y_otros,Edulcorante líquido sacarina Hacendado,Bote 150 ml,0.85,,ud.,Mercadona,2024-03-11 00:00:00
Edulcorantes_y_otros,Edulcorante líquido stevia Hacendado,Bote 150 ml,2.05,,ud.,Mercadona,2024-03-11 00:00:00
Otras_verduras_y_hortalizas,Espárrago verde fino,Paquete 250 g,2.25,,ud.,Mercadona,2024-03-11 00:00:00
Otras_verduras_y_hortalizas,Espárrago verde grueso,Paquete 300 g,3.69,3.39,ud.,Mercadona,2024-03-11 00:00:00
Otras_verduras_y_hortalizas,Espinacas cortadas,Paquete 300 g,1.2,,ud.,Mercadona,2024-03-11 00:00:00
Fideos,Fideo al huevo Hacendado,Paquete 500 g,1.35,,ud.,Mercadona,2024-03-11 00:00:00
Fideos,Fideo cabello de ángel Hacendado,Paquete 500 g,0.82,,ud.,Mercadona,2024-03-11 00:00:00
Fideos,Fideo grueso Hacendado,Paquete 500 g,0.82,,ud.,Mercadona,2024-03-11 00:00:00
Fideos,Fideo mediano Hacendado,Paquete 500 g,0.82,,ud.,Mercadona,2024-03-11 00:00:00
Fideos_orientales,Fideos orientales sabor picante Hacendado,Vaso 65 g,1,,ud.,Mercadona,2024-03-11 00:00:00
Fideos_orientales,Fideos orientales sabor pollo Hacendado,Vaso 65 g,0.95,0.85,ud.,Mercadona,2024-03-11 00:00:00
Fideos_orientales,Fideos orientales Yakisoba classic Gallina Blanca,Vaso 93 g,1.95,,ud.,Mercadona,2024-03-11 00:00:00
Fideos_orientales,Fideos orientales Yakisoba sabor soja Hacendado,Paquete 90 g,0.9,,ud.,Mercadona,2024-03-11 00:00:00
Fideos_orientales,Fideos orientales Yakisoba sabor soja Hacendado,Vaso 80 g,1.3,,ud.,Mercadona,2024-03-11 00:00:00
Fideos_orientales,Fideos orientales Yatekomo sabor pollo Gallina Blanca,3 vasos x 60 g,3.95,,pack,Mercadona,2024-03-11 00:00:00
Fideos_orientales,Fideos orientales Yatekomo sabor pollo Gallina Blanca,Vaso 60 g,1.55,,ud.,Mercadona,2024-03-11 00:00:00
Fideos,Fideuá Hacendado,Paquete 500 g,0.82,,ud.,Mercadona,2024-03-11 00:00:00
Verduras_al_vapor,Floretas de brócoli para microondas,Paquete 230 g,1.52,,ud.,Mercadona,2024-03-11 00:00:00
Otras_frutas,Frambuesas,Bandeja 170 g,2.5,,ud.,Mercadona,2024-03-11 00:00:00
Otras_frutas,Fresón,Bandeja 1 kg aprox.,4.29,,ud.,Mercadona,2024-03-11 00:00:00
Otras_frutas,Fresón,Bandeja 500 g aprox.,2.7,,ud.,Mercadona,2024-03-11 00:00:00
Galletas_desayuno,Galletas canela Hacendado,Caja 2 paquetes (500 g),1.7,1.6,ud.,Mercadona,2024-03-11 00:00:00
Galletas_con_chocolate_y_rellenas,Galletas Caocream chocolate blanco Hacendado rellenas de crema,Caja 6 paquetes (252 g),1.35,,ud.,Mercadona,2024-03-11 00:00:00
Galletas_con_chocolate_y_rellenas,Galletas Caocream Hacendado rellenas de crema,Caja 10 paquetes (440 g),1.6,1.55,ud.,Mercadona,2024-03-11 00:00:00
Galletas_surtidas,Galletas caramelizadas Lotus Biscoff,Paquete 12 ud. (186 g),1.5,,ud.,Mercadona,2024-03-11 00:00:00
Galletas_integrales_y_digestive,Galletas Cereales & fibra Hacendado,Paquete 285 g,1.25,,ud.,Mercadona,2024-03-11 00:00:00
Galletas_con_chocolate_y_rellenas,Galletas Choco con relleno de crema de cacao Hacendado recubiertas de chocolate con leche,Paquete 145 g,1.6,,ud.,Mercadona,2024-03-11 00:00:00
Galletas_con_chocolate_y_rellenas,Galletas Choco leche con chocolatina Hacendado,Caja 4 paquetes (150 g),1.25,,ud.,Mercadona,2024-03-11 00:00:00
Galletas_con_chocolate_y_rellenas,Galletas Choco negro con chocolatina Hacendado,Caja 4 paquetes (150 g),1.25,,ud.,Mercadona,2024-03-11 00:00:00
Galletas_con_chocolate_y_rellenas,Galletas Chocominis sabor chocolate Hacendado,Caja 500 g,2.05,1.95,ud.,Mercadona,2024-03-11 00:00:00
Galletas_con_chocolate_y_rellenas,Galletas con chocolate blanco Hacendado,Caja 6 paquetes (236 g),1.25,,ud.,Mercadona,2024-03-11 00:00:00
Galletas_con_chocolate_y_rellenas,Galletas con chocolate y crema de leche Hacendado,Caja 8 paquetes (268 g),2.3,,ud.,Mercadona,2024-03-11 00:00:00
Galletas_surtidas,Galletas con mantequilla Hacendado,Caja 125 g,1.05,,ud.,Mercadona,2024-03-11 00:00:00
Galletas_con_chocolate_y_rellenas,Galletas Cookies Hacendado,Paquete 225 g,1.2,1.15,ud.,Mercadona,2024-03-11 00:00:00
Galletas_con_chocolate_y_rellenas,Galletas cookies sin gluten y sin lactosa Hacendado,Paquete 200 g,1.95,,ud.,Mercadona,2024-03-11 00:00:00
Galletas_con_chocolate_y_rellenas,Galletas Cream Cookies Hacendado,Paquete 160 g,1.45,,ud.,Mercadona,2024-03-11 00:00:00
Galletas_con_chocolate_y_rellenas,Galletas Crunchy Choc Hacendado,Caja 520 g,2.4,,ud.,Mercadona,2024-03-11 00:00:00
Galletas_integrales_y_digestive,Galletas de espelta Hacendado 0% azúcares añadidos,Paquete 200 g,1.25,,ud.,Mercadona,2024-03-11 00:00:00
Galletas_surtidas,Galletas de mantequilla Hacendado Belgas,Caja 6 paquetes (180 g),1.6,,ud.,Mercadona,2024-03-11 00:00:00
Galletas_surtidas,Galletas de mantequilla y chocolate Hacendado,Caja 340 g,2.85,,ud.,Mercadona,2024-03-11 00:00:00
Galletas_integrales_y_digestive,Galletas Digestive 0% azúcares añadidos Hacendado,Paquete 400 g,1.45,,ud.,Mercadona,2024-03-11 00:00:00
Galletas_con_chocolate_y_rellenas,Galletas Digestive avena chocolate con leche Hacendado,Paquete 280 g,1.3,,ud.,Mercadona,2024-03-11 00:00:00
Galletas_integrales_y_digestive,Galletas Digestive avena Hacendado,Caja 8 paquetes (384 g),1.85,,ud.,Mercadona,2024-03-11 00:00:00
Galletas_integrales_y_digestive,Galletas Digestive avena Hacendado,Paquete 425 g,1.15,,ud.,Mercadona,2024-03-11 00:00:00
Galletas_con_chocolate_y_rellenas,Galletas Digestive chocolate con leche Hacendado,Paquete 300 g,1.05,,ud.,Mercadona,2024-03-11 00:00:00
Galletas_integrales_y_digestive,Galletas Digestive fibra 23% Hacendado,Paquete 400 g,1.7,,ud.,Mercadona,2024-03-11 00:00:00
Galletas_integrales_y_digestive,Galletas Digestive Hacendado,Paquete 2 ud. (800 g),1.8,1.75,ud.,Mercadona,2024-03-11 00:00:00
Galletas_con_chocolate_y_rellenas,Galletas Diverkao Hacendado,Caja 8 paquetes (312 g),1.55,,ud.,Mercadona,2024-03-11 00:00:00
Galletas_con_chocolate_y_rellenas,Galletas Divertidas chocolate con leche Hacendado,Caja 6 paquetes (251 g),1.9,,ud.,Mercadona,2024-03-11 00:00:00
Galletas_desayuno,Galletas Divertidas con cereales Hacendado,Caja 10 paquetes (411 g),2.15,2.05,ud.,Mercadona,2024-03-11 00:00:00
Galletas_con_chocolate_y_rellenas,Galletas María choco Hacendado,Paquete 265 g,1.1,,ud.,Mercadona,2024-03-11 00:00:00
Galletas_desayuno,Galletas María dorada Hacendado,Paquete 4 ud. (800 g),1.6,1.55,ud.,Mercadona,2024-03-11 00:00:00
Galletas_desayuno,Galletas María dorada Hacendado 0% azúcares añadidos,Caja 2 paquetes (400 g),1.55,,ud.,Mercadona,2024-03-11 00:00:00
Galletas_desayuno,Galletas María Fontaneda,Caja 4 paquetes (800 g),3.3,,ud.,Mercadona,2024-03-11 00:00:00
Galletas_desayuno,Galletas María Hacendado,Paquete 4 ud. (800 g),1.6,1.55,ud.,Mercadona,2024-03-11 00:00:00
Galletas_integrales_y_digestive,Galletas María Integral Hacendado,Paquete 4 ud. (800 g),1.65,1.6,ud.,Mercadona,2024-03-11 00:00:00
Galletas_desayuno,Galletas María sin gluten y sin lactosa Hacendado,Paquete 205 g,1.55,,ud.,Mercadona,2024-03-11 00:00:00
Galletas_con_chocolate_y_rellenas,Galletas mini caritas Hacendado con crema de cacao,Caja 8 paquetes (329 g),1.35,,ud.,Mercadona,2024-03-11 00:00:00
Galletas_con_chocolate_y_rellenas,Galletas mini cookies Hacendado,Caja 4 paquetes (160 g),1.3,,ud.,Mercadona,2024-03-11 00:00:00
Galletas_con_chocolate_y_rellenas,Galletas mini Oreo,Caja 4 paquetes (160 g),1.95,1.65,ud.,Mercadona,2024-03-11 00:00:00
Galletas_con_chocolate_y_rellenas,Galletas rebuenas Hacendado rellenas de chocolate,Paquete 500 g,1.2,,ud.,Mercadona,2024-03-11 00:00:00
Galletas_desayuno,Galletas Relieve Hacendado,Paquete 3 ud. (645 g),1.5,,ud.,Mercadona,2024-03-11 00:00:00
Galletas_con_chocolate_y_rellenas,Galletas rellenas de chocolate Hacendado 0% azúcares añadidos,Paquete 250 g,1.4,,ud.,Mercadona,2024-03-11 00:00:00
Galletas_con_chocolate_y_rellenas,Galletas Roditas bañadas con chocolate blanco Hacendado,Caja 4 paquetes (300 g),1.75,,ud.,Mercadona,2024-03-11 00:00:00
Galletas_desayuno,Galletas tostadas Animadas Hacendado,Paquete 3 ud. (600 g),1.7,1.6,ud.,Mercadona,2024-03-11 00:00:00
Galletas_desayuno,Galletas tostadas Hacendado,Paquete 4 ud. (800 g),1.55,,ud.,Mercadona,2024-03-11 00:00:00
Galletas_desayuno,Galletas tostadas Tosta Rica,Caja 3 paquetes (570 g),3,,ud.,Mercadona,2024-03-11 00:00:00
Galletas_desayuno,Galletas tradicionales Hacendado,Caja 2 paquetes (600 g),2.2,2.15,ud.,Mercadona,2024-03-11 00:00:00
Garbanzos,Garbanzo cocido Hacendado,Tarro 295 g (210 g escurrido),0.65,,ud.,Mercadona,2024-03-11 00:00:00
Garbanzos,Garbanzo cocido Hacendado,Tarro 570 g (400 g escurrido),0.71,,ud.,Mercadona,2024-03-11 00:00:00
Garbanzos,Garbanzo cocido pedrosillano Hacendado,Tarro 570 g (400 g escurrido),1.06,,ud.,Mercadona,2024-03-11 00:00:00
Garbanzos,Garbanzo Hacendado,Paquete 1 kg,2.2,2.15,ud.,Mercadona,2024-03-11 00:00:00
Garbanzos,Garbanzo lechoso andaluz Hacendado,Paquete 1 kg,2.75,2.65,ud.,Mercadona,2024-03-11 00:00:00
Garbanzos,Garbanzo pedrosillano Hacendado,Paquete 1 kg,1.95,,ud.,Mercadona,2024-03-11 00:00:00
Gaseosa,Gaseosa Hacendado grande,"Botella 1,5 L",0.5,,ud.,Mercadona,2024-03-11 00:00:00
Gaseosa,Gaseosa Hacendado pequeña,6 botellas x 500 ml,1.92,,pack,Mercadona,2024-03-11 00:00:00
Gaseosa,Gaseosa Hacendado pequeña,Botella 500 ml,0.32,,ud.,Mercadona,2024-03-11 00:00:00
Gaseosa,Gaseosa La Casera grande,"2 botellas x 1,5 L",2.36,,pack,Mercadona,2024-03-11 00:00:00
Gaseosa,Gaseosa La Casera grande,"Botella 1,5 L",1.2,,ud.,Mercadona,2024-03-11 00:00:00
Arroz,Grano de avena cocida Sabroz,2 vasitos x 125 g,1.25,1.2,pack,Mercadona,2024-03-11 00:00:00
Fruta_tropical,Guacamole Hacendado,Tarrina 200 g,1.75,,ud.,Mercadona,2024-03-11 00:00:00
Fruta_tropical,Guacamole Hacendado,Tarrina 500 g,3.59,,ud.,Mercadona,2024-03-11 00:00:00
Macarrones_pajaritas_y_helices,Hélices con vegetales Hacendado,Paquete 1 kg,1.6,,ud.,Mercadona,2024-03-11 00:00:00
Macarrones_pajaritas_y_helices,Hélices Hacendado,Paquete 500 g,0.82,,ud.,Mercadona,2024-03-11 00:00:00
Hierbas_aromaticas,Hierbabuena,Paquete 40 g,1.35,,ud.,Mercadona,2024-03-11 00:00:00
Bebidas_vegetales,Horchata de chufa Hacendado,Brick 1 L,1.2,,ud.,Mercadona,2024-03-11 00:00:00
Huevos,Huevos,Paquete 24 ud.,3.8,,ud.,Mercadona,2024-03-11 00:00:00
Huevos,Huevos cocidos,Paquete 6 ud.,1.6,,ud.,Mercadona,2024-03-11 00:00:00
Huevos,Huevos de codorniz,Paquete 18 ud.,1.65,,ud.,Mercadona,2024-03-11 00:00:00
Huevos,Huevos de gallinas camperas,Paquete 12 ud.,2.62,,ud.,Mercadona,2024-03-11 00:00:00
Huevos,Huevos de gallinas camperas,Paquete 6 ud.,1.59,,ud.,Mercadona,2024-03-11 00:00:00
Huevos,Huevos grandes L,Paquete 12 ud.,2.2,,ud.,Mercadona,2024-03-11 00:00:00
Huevos,Huevos grandes L,Paquete 6 ud.,1.2,,ud.,Mercadona,2024-03-11 00:00:00
Huevos,Huevos medianos M,Paquete 12 ud.,2,,ud.,Mercadona,2024-03-11 00:00:00
Huevos,Huevos super grandes XL,Paquete 12 ud.,3.25,,ud.,Mercadona,2024-03-11 00:00:00
Hierbas_aromaticas,Jengibre,200 g aprox.,1.69,,pack,Mercadona,2024-03-11 00:00:00
Otras_verduras_y_hortalizas,Judía verde plana,Bandeja 750 g,3.25,2.99,ud.,Mercadona,2024-03-11 00:00:00
Otras_verduras_y_hortalizas,Judía verde plana,Paquete 350 g,1.89,,ud.,Mercadona,2024-03-11 00:00:00
Otras_verduras_y_hortalizas,Judía verde redonda,Bandeja 500 g,2.99,,ud.,Mercadona,2024-03-11 00:00:00
Fruta_tropical,Kiwi verde,Pieza 109 g aprox.,0.27,,ud.,Mercadona,2024-03-11 00:00:00
Fruta_tropical,Kiwis verdes,Bandeja 1 kg aprox.,2.88,,ud.,Mercadona,2024-03-11 00:00:00
Leche_desnatada,Leche +Proteínas desnatada Hacendado,6 bricks x 1 L,7.5,,pack,Mercadona,2024-03-11 00:00:00
Leche_desnatada,Leche +Proteínas desnatada Hacendado,Brick 1 L,1.25,,ud.,Mercadona,2024-03-11 00:00:00
Leche_condensada_y_otros,Leche condensada desnatada Nutricia,Bote 450 g,2.95,,ud.,Mercadona,2024-03-11 00:00:00
Leche_condensada_y_otros,Leche condensada entera Nutricia,Bote 1 kg,3.9,,ud.,Mercadona,2024-03-11 00:00:00
Leche_condensada_y_otros,Leche condensada entera Nutricia,Bote 397 g,2.3,,ud.,Mercadona,2024-03-11 00:00:00
Leche_condensada_y_otros,Leche condensada entera Nutricia,Bote 450 g,2.65,,ud.,Mercadona,2024-03-11 00:00:00
Bebidas_vegetales,Leche de coco Dee Thai,Bote 400 ml,1.4,,ud.,Mercadona,2024-03-11 00:00:00
Leche_desnatada,Leche desnatada Asturiana,"6 botellas x 1,5 L",10.68,,pack,Mercadona,2024-03-11 00:00:00
Leche_desnatada,Leche desnatada Asturiana,6 bricks x 1 L,6.84,,pack,Mercadona,2024-03-11 00:00:00
Leche_desnatada,Leche desnatada Asturiana,"Botella 1,5 L",1.78,,ud.,Mercadona,2024-03-11 00:00:00
Leche_desnatada,Leche desnatada Asturiana,Brick 1 L,1.14,,ud.,Mercadona,2024-03-11 00:00:00
Leche_desnatada,Leche desnatada calcio Hacendado,6 bricks x 1 L,5.64,,pack,Mercadona,2024-03-11 00:00:00
Leche_desnatada,Leche desnatada calcio Hacendado,Brick 1 L,0.94,,ud.,Mercadona,2024-03-11 00:00:00
Leche_desnatada,Leche desnatada Hacendado,"6 botellas x 1,5 L",8.28,,pack,Mercadona,2024-03-11 00:00:00
Leche_desnatada,Leche desnatada Hacendado,6 bricks x 1 L,5.1,,pack,Mercadona,2024-03-11 00:00:00
Leche_desnatada,Leche desnatada Hacendado,"Botella 1,5 L",1.38,,ud.,Mercadona,2024-03-11 00:00:00
Leche_desnatada,Leche desnatada Hacendado,Brick 1 L,0.85,,ud.,Mercadona,2024-03-11 00:00:00
Leche_desnatada,Leche desnatada sin lactosa Hacendado,6 bricks x 1 L,5.58,,pack,Mercadona,2024-03-11 00:00:00
Leche_desnatada,Leche desnatada sin lactosa Hacendado,Brick 1 L,0.93,,ud.,Mercadona,2024-03-11 00:00:00
Leche_desnatada,Leche en polvo desnatada,Paquete 700 g,5.2,,ud.,Mercadona,2024-03-11 00:00:00
Leche_entera,Leche entera Asturiana,"6 botellas x 1,5 L",10.68,,pack,Mercadona,2024-03-11 00:00:00
Leche_entera,Leche entera Asturiana,6 bricks x 1 L,6.84,,pack,Mercadona,2024-03-11 00:00:00
Leche_entera,Leche entera Asturiana,"Botella 1,5 L",1.78,,ud.,Mercadona,2024-03-11 00:00:00
Leche_entera,Leche entera Asturiana,Brick 1 L,1.14,,ud.,Mercadona,2024-03-11 00:00:00
Leche_entera,Leche entera calcio Hacendado,6 bricks x 1 L,6.6,,pack,Mercadona,2024-03-11 00:00:00
Leche_entera,Leche entera calcio Hacendado,Brick 1 L,1.1,,ud.,Mercadona,2024-03-11 00:00:00
Leche_entera,Leche entera fresca Hacendado,Botella 1 L,1.05,,ud.,Mercadona,2024-03-11 00:00:00
Leche_entera,Leche entera Hacendado,"6 botellas x 1,5 L",8.82,,pack,Mercadona,2024-03-11 00:00:00
Leche_entera,Leche entera Hacendado,6 bricks x 1 L,5.46,,pack,Mercadona,2024-03-11 00:00:00
Leche_entera,Leche entera Hacendado,6 mini bricks x 200 ml,1.6,,pack,Mercadona,2024-03-11 00:00:00
Leche_entera,Leche entera Hacendado,"Botella 1,5 L",1.47,,ud.,Mercadona,2024-03-11 00:00:00
Leche_entera,Leche entera Hacendado,Brick 1 L,0.91,,ud.,Mercadona,2024-03-11 00:00:00
Leche_entera,Leche entera sin lactosa Hacendado,6 bricks x 1 L,5.94,,pack,Mercadona,2024-03-11 00:00:00
Leche_entera,Leche entera sin lactosa Hacendado,Brick 1 L,0.99,,ud.,Mercadona,2024-03-11 00:00:00
Leche_condensada_y_otros,Leche evaporada Hacendado,3 mini bricks x 200 ml,1.6,,pack,Mercadona,2024-03-11 00:00:00
Leche_semidesnatada,Leche semidesnatada Asturiana,"6 botellas x 1,5 L",10.68,,pack,Mercadona,2024-03-11 00:00:00
Leche_semidesnatada,Leche semidesnatada Asturiana,6 bricks x 1 L,6.84,,pack,Mercadona,2024-03-11 00:00:00
Leche_semidesnatada,Leche semidesnatada Asturiana,"Botella 1,5 L",1.78,,ud.,Mercadona,2024-03-11 00:00:00
Leche_semidesnatada,Leche semidesnatada Asturiana,Brick 1 L,1.14,,ud.,Mercadona,2024-03-11 00:00:00
Leche_semidesnatada,Leche semidesnatada calcio Hacendado,6 bricks x 1 L,5.76,,pack,Mercadona,2024-03-11 00:00:00
Leche_semidesnatada,Leche semidesnatada calcio Hacendado,Brick 1 L,0.96,,ud.,Mercadona,2024-03-11 00:00:00
Leche_semidesnatada,Leche semidesnatada de cabra Hacendado,6 bricks x 1 L,10.8,,pack,Mercadona,2024-03-11 00:00:00
Leche_semidesnatada,Leche semidesnatada de cabra Hacendado,Brick 1 L,1.8,,ud.,Mercadona,2024-03-11 00:00:00
Leche_semidesnatada,Leche semidesnatada fresca Hacendado,Botella 1 L,1.04,,ud.,Mercadona,2024-03-11 00:00:00
Leche_semidesnatada,Leche semidesnatada Hacendado,"6 botellas x 1,5 L",8.46,,pack,Mercadona,2024-03-11 00:00:00
Leche_semidesnatada,Leche semidesnatada Hacendado,6 bricks x 1 L,5.22,,pack,Mercadona,2024-03-11 00:00:00
Leche_semidesnatada,Leche semidesnatada Hacendado,6 mini bricks x 200 ml,1.53,,pack,Mercadona,2024-03-11 00:00:00
Leche_semidesnatada,Leche semidesnatada Hacendado,"Botella 1,5 L",1.41,,ud.,Mercadona,2024-03-11 00:00:00
Leche_semidesnatada,Leche semidesnatada Hacendado,Brick 1 L,0.87,,ud.,Mercadona,2024-03-11 00:00:00
Leche_semidesnatada,Leche semidesnatada sin lactosa Hacendado,"6 botellas x 1,5 L",9.18,,pack,Mercadona,2024-03-11 00:00:00
Leche_semidesnatada,Leche semidesnatada sin lactosa Hacendado,6 bricks x 1 L,5.7,,pack,Mercadona,2024-03-11 00:00:00
Leche_semidesnatada,Leche semidesnatada sin lactosa Hacendado,6 mini bricks x 200 ml,1.69,,pack,Mercadona,2024-03-11 00:00:00
Leche_semidesnatada,Leche semidesnatada sin lactosa Hacendado,"Botella 1,5 L",1.53,,ud.,Mercadona,2024-03-11 00:00:00
Leche_semidesnatada,Leche semidesnatada sin lactosa Hacendado,Brick 1 L,0.95,,ud.,Mercadona,2024-03-11 00:00:00
Lentejas_y_otros,Lenteja cocida Hacendado,Tarro 295 g (210 g escurrido),0.75,0.7,ud.,Mercadona,2024-03-11 00:00:00
Lentejas_y_otros,Lenteja cocida Hacendado,Tarro 570 g (400 g escurrido),0.87,0.8,ud.,Mercadona,2024-03-11 00:00:00
Lentejas_y_otros,Lenteja Hacendado,Paquete 1 kg,1.88,,ud.,Mercadona,2024-03-11 00:00:00
Lentejas_y_otros,Lenteja pardina Hacendado,Paquete 1 kg,2.1,,ud.,Mercadona,2024-03-11 00:00:00
citricos,Lima,Pieza 100 g aprox.,0.4,,ud.,Mercadona,2024-03-11 00:00:00
citricos,Limón,Pieza 170 g aprox.,0.31,,ud.,Mercadona,2024-03-11 00:00:00
Vinagre_y_otros_aderezos,Limón exprimido Hacendado,Botella 280 ml,1,,ud.,Mercadona,2024-03-11 00:00:00
citricos,Limones,Malla 1 kg,1.69,1.55,ud.,Mercadona,2024-03-11 00:00:00
Macarrones_pajaritas_y_helices,Macarrón al huevo Hacendado,Paquete 500 g,1.35,,ud.,Mercadona,2024-03-11 00:00:00
Macarrones_pajaritas_y_helices,Macarrón fino Hacendado,Paquete 500 g,0.82,,ud.,Mercadona,2024-03-11 00:00:00
Macarrones_pajaritas_y_helices,Macarrón Hacendado,Paquete 1 kg,1.35,1.3,ud.,Mercadona,2024-03-11 00:00:00
Macarrones_pajaritas_y_helices,Macarrón Hacendado,Paquete 500 g,0.82,,ud.,Mercadona,2024-03-11 00:00:00
Macarrones_pajaritas_y_helices,Macarrón rayado Hacendado,Paquete 500 g,0.82,,ud.,Mercadona,2024-03-11 00:00:00
Otras_verduras_y_hortalizas,Maíz dulce en mazorca,Bandeja 2 ud.,2.99,,ud.,Mercadona,2024-03-11 00:00:00
Otras_verduras_y_hortalizas,Maíz dulce en mazorca cocido,Paquete 2 ud. (450 g),1.55,,ud.,Mercadona,2024-03-11 00:00:00
citricos,Mandarina,Malla 2 kg,3.98,,ud.,Mercadona,2024-03-11 00:00:00
citricos,Mandarina,Pieza 117 g aprox.,0.27,,ud.,Mercadona,2024-03-11 00:00:00
citricos,Mandarinas,"1,5 kg",3.59,,pack,Mercadona,2024-03-11 00:00:00
Fruta_tropical,Mango,Pieza 497 g aprox.,1.68,,ud.,Mercadona,2024-03-11 00:00:00
manzana_y_pera,Manzana Golden,Pieza 190 g aprox.,0.4,,ud.,Mercadona,2024-03-11 00:00:00
manzana_y_pera,Manzana Granny Smith,Pieza 211 g aprox.,0.44,,ud.,Mercadona,2024-03-11 00:00:00
manzana_y_pera,Manzana Reineta,Pieza 207 g aprox.,0.52,,ud.,Mercadona,2024-03-11 00:00:00
manzana_y_pera,Manzana roja acidulce,Pieza 220 g aprox.,0.53,,ud.,Mercadona,2024-03-11 00:00:00
manzana_y_pera,Manzana roja dulce,Pieza 200 g aprox.,0.55,,ud.,Mercadona,2024-03-11 00:00:00
manzana_y_pera,Manzanas Golden,"Bolsa 1,5 kg aprox.",2.84,,ud.,Mercadona,2024-03-11 00:00:00
manzana_y_pera,Manzanas rojas acidulces,"Bolsa 1,5 kg aprox.",2.54,,ud.,Mercadona,2024-03-11 00:00:00
manzana_y_pera,Manzanas rojas dulces,"Bolsa 1,5 kg aprox.",3.59,,ud.,Mercadona,2024-03-11 00:00:00
Otras_verduras_y_hortalizas,Media calabaza cacahuete,1/2 Pieza 603 g aprox.,1.27,,ud.,Mercadona,2024-03-11 00:00:00
Repollo_y_col,Media col lombarda,1/2 Pieza 570 g aprox.,1.2,,ud.,Mercadona,2024-03-11 00:00:00
Fruta_tropical,Media piña,1/2 Pieza 954 g aprox.,2.01,,ud.,Mercadona,2024-03-11 00:00:00
Melon_y_sandia,Media sandía baja en semillas,"1/2 Pieza 3,03 kg aprox.",6.93,,ud.,Mercadona,2024-03-11 00:00:00
Melon_y_sandia,Medio melón piel de sapo,"1/2 Pieza 1,9 kg aprox.",3.97,,ud.,Mercadona,2024-03-11 00:00:00
Repollo_y_col,Medio repollo liso,1/2 Pieza 796 g aprox.,1.54,,ud.,Mercadona,2024-03-11 00:00:00
Repollo_y_col,Medio repollo rizado,1/2 Pieza 627 g aprox.,1.22,,ud.,Mercadona,2024-03-11 00:00:00
Melon_y_sandia,Melón piel de sapo,"Pieza 3,92 kg aprox.",7.4,,ud.,Mercadona,2024-03-11 00:00:00
Cereales,Mini cereales rellenos de leche Hacendado,Caja 5 bolsitas (175 g),1.95,1.9,ud.,Mercadona,2024-03-11 00:00:00
Setas_y_champinones,Mix de setas intenso,Bandeja 235 g aprox.,3.96,,ud.,Mercadona,2024-03-11 00:00:00
Setas_y_champinones,Mix de setas suave,Bandeja 260 g aprox.,3.82,,ud.,Mercadona,2024-03-11 00:00:00
Verduras_al_vapor,Mix de verduras jardinera para microondas,Paquete 400 g,1.9,,ud.,Mercadona,2024-03-11 00:00:00
Verduras_al_vapor,Mix de verduras paisana para microondas,Paquete 300 g,1.8,,ud.,Mercadona,2024-03-11 00:00:00
Otras_frutas,Moras,Bandeja 125 g,2.39,,ud.,Mercadona,2024-03-11 00:00:00
Cereales_integrales_y_muesli,Muesli Crunchy Hacendado 0% azúcares añadidos 0% edulcorantes,Paquete 500 g,2,,ud.,Mercadona,2024-03-11 00:00:00
Cereales_integrales_y_muesli,Muesli Crunchy Hacendado con chocolate,Paquete 500 g,2.1,,ud.,Mercadona,2024-03-11 00:00:00
Cereales_integrales_y_muesli,Muesli Crunchy Hacendado con fruta,Paquete 500 g,2.1,,ud.,Mercadona,2024-03-11 00:00:00
Cereales_integrales_y_muesli,Muesli Crunchy Hacendado con frutos secos,Paquete 500 g,2.1,,ud.,Mercadona,2024-03-11 00:00:00
Cereales_integrales_y_muesli,Muesli Hacendado 50% frutas y frutos secos,Paquete 500 g,1.95,,ud.,Mercadona,2024-03-11 00:00:00
Cereales_integrales_y_muesli,Muesli Hacendado con frutas,Paquete 1 kg,2.3,,ud.,Mercadona,2024-03-11 00:00:00
Cereales_integrales_y_muesli,"Muesli Hacendado con quinoa, chía y chocolate negro",Paquete 400 g,2.25,,ud.,Mercadona,2024-03-11 00:00:00
citricos,Naranja para mesa,Pieza 285 g aprox.,0.54,,ud.,Mercadona,2024-03-11 00:00:00
citricos,Naranjas,Malla 3 kg,4.47,,ud.,Mercadona,2024-03-11 00:00:00
citricos,Naranjas,Malla 5 kg,4.95,,ud.,Mercadona,2024-03-11 00:00:00
Spaghetti_y_tallarines,Nidos al huevo Hacendado,Paquete 500 g,1.35,,ud.,Mercadona,2024-03-11 00:00:00
Galletas_surtidas,Obleas para helado Hacendado,Paquete 24 ud. (52 g),0.7,,ud.,Mercadona,2024-03-11 00:00:00
Galletas_surtidas,Obleas redondas Hacendado,Paquete 24 ud. (255 g),2.45,,ud.,Mercadona,2024-03-11 00:00:00
Macarrones_pajaritas_y_helices,Pajaritas vegetales Hacendado,Paquete 500 g,1.1,,ud.,Mercadona,2024-03-11 00:00:00
Pepino_y_zanahoria,Palitos de zanahoria,Tarrina 180 g,1.99,,ud.,Mercadona,2024-03-11 00:00:00
Azucar,Panela azúcar moreno de caña integral Hacendado,Paquete 500 g,1.95,,ud.,Mercadona,2024-03-11 00:00:00
Fruta_tropical,Papaya,Pieza 700 g aprox.,3.49,,ud.,Mercadona,2024-03-11 00:00:00
Macarrones_pajaritas_y_helices,Pasta corallini integral Hacendado,Paquete 500 g,1.2,,ud.,Mercadona,2024-03-11 00:00:00
Fideos,Pasta estrellas Hacendado,Paquete 500 g,0.82,,ud.,Mercadona,2024-03-11 00:00:00
Fideos,Pasta estrellas sin gluten Felicia,Paquete 500 g,2,1.95,ud.,Mercadona,2024-03-11 00:00:00
Pasta_rellena,Pasta fresca girasoles queso de cabra y cebolla caramelizada Hacendado,Bandeja 250 g,2.24,,ud.,Mercadona,2024-03-11 00:00:00
Pasta_rellena,Pasta fresca girasoles quesos Hacendado,Bandeja 250 g,1.72,,ud.,Mercadona,2024-03-11 00:00:00
Pasta_rellena,Pasta fresca gnocchi Hacendado,Paquete 500 g,1.12,,ud.,Mercadona,2024-03-11 00:00:00
Pasta_rellena,Pasta fresca gnocchi quesos Hacendado,Paquete 400 g,2,,ud.,Mercadona,2024-03-11 00:00:00
Pasta_rellena,Pasta fresca medialunas calabaza y crema de quesos Hacendado,Bandeja 250 g,2.24,,ud.,Mercadona,2024-03-11 00:00:00
Pasta_rellena,Pasta fresca medialunas parmigiano reggiano y trufa Hacendado,Bandeja 250 g,2.48,,ud.,Mercadona,2024-03-11 00:00:00
Pasta_rellena,Pasta fresca ravioli ricotta y espinacas Hacendado,Bandeja 250 g,1.72,,ud.,Mercadona,2024-03-11 00:00:00
Pasta_rellena,Pasta fresca ravioli tomate y queso burrata Hacendado,Bandeja 250 g,2.24,,ud.,Mercadona,2024-03-11 00:00:00
Spaghetti_y_tallarines,Pasta fresca tagliatelle al huevo Hacendado,Paquete 250 g,1.15,,ud.,Mercadona,2024-03-11 00:00:00
Pasta_rellena,Pasta fresca tortellini carne Hacendado,Bandeja 250 g,1.72,,ud.,Mercadona,2024-03-11 00:00:00
Pasta_rellena,Pasta fresca tortellini jamón y queso Hacendado,Paquete 250 g,1.72,,ud.,Mercadona,2024-03-11 00:00:00
Pasta_rellena,Pasta fresca triángulo setas y mascarpone Hacendado,Bandeja 250 g,2.24,,ud.,Mercadona,2024-03-11 00:00:00
Macarrones_pajaritas_y_helices,Pasta fusilli 100% lentejas rojas Felicia,Paquete 250 g,1.58,,ud.,Mercadona,2024-03-11 00:00:00
Macarrones_pajaritas_y_helices,Pasta fusilli Armando,Paquete 500 g,1.24,,ud.,Mercadona,2024-03-11 00:00:00
Macarrones_pajaritas_y_helices,Pasta fusilli sin gluten Felicia,Paquete 500 g,2,1.95,ud.,Mercadona,2024-03-11 00:00:00
Fideos,Pasta infantil con vegetales Hacendado,Paquete 500 g,1.3,1.2,ud.,Mercadona,2024-03-11 00:00:00
Fideos,Pasta maravilla Hacendado,Paquete 500 g,0.82,,ud.,Mercadona,2024-03-11 00:00:00
Fideos_orientales,Pasta oriental sabor pollo Maggi,Paquete 71 g,0.9,,ud.,Mercadona,2024-03-11 00:00:00
Macarrones_pajaritas_y_helices,Pasta penne Armando,Paquete 500 g,1.24,,ud.,Mercadona,2024-03-11 00:00:00
Macarrones_pajaritas_y_helices,Pasta penne integral Hacendado,Paquete 500 g,1.2,,ud.,Mercadona,2024-03-11 00:00:00
Macarrones_pajaritas_y_helices,Pasta tiburón Hacendado,Paquete 500 g,0.82,,ud.,Mercadona,2024-03-11 00:00:00
Macarrones_pajaritas_y_helices,Pasta tortiglioni Armando,Paquete 500 g,1.24,,ud.,Mercadona,2024-03-11 00:00:00
Macarrones_pajaritas_y_helices,Pasta trottole vegetales Hacendado,Paquete 500 g,1.3,1.2,ud.,Mercadona,2024-03-11 00:00:00
Patata,Patata,Pieza 241 g aprox.,0.48,,ud.,Mercadona,2024-03-11 00:00:00
Verduras_al_vapor,Patata para microondas,Paquete 400 g,1.45,,ud.,Mercadona,2024-03-11 00:00:00
Patata,Patatas,Malla 3 kg,4.9,,ud.,Mercadona,2024-03-11 00:00:00
Patata,Patatas,Malla 5 kg,6.49,,ud.,Mercadona,2024-03-11 00:00:00
Patata,Patatas especial para freir,Malla 2 kg,3.75,,ud.,Mercadona,2024-03-11 00:00:00
Patata,Patatas guarnición,Malla 1 kg,2.45,,ud.,Mercadona,2024-03-11 00:00:00
Patata,Patatas rojas,Malla 2 kg,3.65,,ud.,Mercadona,2024-03-11 00:00:00
Pepino_y_zanahoria,Pepino,Pieza 204 g aprox.,0.41,,ud.,Mercadona,2024-03-11 00:00:00
Pepino_y_zanahoria,Pepino holandés,Pieza 425 g aprox.,0.93,,ud.,Mercadona,2024-03-11 00:00:00
Pepino_y_zanahoria,Pepinos,"Malla 1,25 kg",2.48,,ud.,Mercadona,2024-03-11 00:00:00
manzana_y_pera,Pera Conferencia,Pieza 166 g aprox.,0.41,,ud.,Mercadona,2024-03-11 00:00:00
manzana_y_pera,Pera Ercolina,Pieza 95 g aprox.,0.33,,ud.,Mercadona,2024-03-11 00:00:00
manzana_y_pera,Pera Rocha,Pieza 159 g aprox.,0.38,,ud.,Mercadona,2024-03-11 00:00:00
manzana_y_pera,Peras Conferencia,"1,5 kg aprox.",2.69,,pack,Mercadona,2024-03-11 00:00:00
Hierbas_aromaticas,Perejil troceado,Paquete 40 g,0.75,,ud.,Mercadona,2024-03-11 00:00:00
Cebolla_y_ajo,Picada de ajo y Perejil,Bandeja 100 g,1.45,,ud.,Mercadona,2024-03-11 00:00:00
Calabacin_y_pimiento,Pimiento rojo,Pieza 273 g aprox.,0.73,,ud.,Mercadona,2024-03-11 00:00:00
Calabacin_y_pimiento,Pimiento verde,Pieza 230 g aprox.,0.62,,ud.,Mercadona,2024-03-11 00:00:00
Calabacin_y_pimiento,Pimiento verde freír,Pieza 105 g aprox.,0.23,,ud.,Mercadona,2024-03-11 00:00:00
Calabacin_y_pimiento,Pimientos semipicantes,Paquete 250 g,1.35,,ud.,Mercadona,2024-03-11 00:00:00
Calabacin_y_pimiento,"Pimientos tricolor rojo, amarillo y verde",550 g aprox.,1.64,,pack,Mercadona,2024-03-11 00:00:00
Fruta_tropical,Piña,"Pieza 1,97 kg aprox.",3.77,,ud.,Mercadona,2024-03-11 00:00:00
Fruta_tropical,Piña natural a rodajas,Bote 500 g aprox.,2.9,,ud.,Mercadona,2024-03-11 00:00:00
Platano_y_uva,Plátano de Canarias IGP,Pieza 154 g aprox.,0.31,,ud.,Mercadona,2024-03-11 00:00:00
Platano_y_uva,Plátano macho,Pieza 300 g aprox.,0.87,,ud.,Mercadona,2024-03-11 00:00:00
citricos,Pomelos,"Malla 1,5 kg",2.99,,ud.,Mercadona,2024-03-11 00:00:00
Otras_verduras_y_hortalizas,Preparado de verdura para cocido,Bandeja 900 g aprox.,1.79,,ud.,Mercadona,2024-03-11 00:00:00
Leche_infantil,Preparado lácteo cereales al cacao Peques 3 Puleva,3 mini bricks x 200 ml,1.95,1.75,pack,Mercadona,2024-03-11 00:00:00
Leche_infantil,Preparado lácteo con cacao y cereales crecimiento Hacendado +1 año,6 mini bricks x 200 ml,2.2,,pack,Mercadona,2024-03-11 00:00:00
Leche_infantil,Preparado lácteo con cereales crecimiento Hacendado +1 año,6 bricks x 1 L,9,,pack,Mercadona,2024-03-11 00:00:00
Leche_infantil,Preparado lácteo con cereales crecimiento Hacendado +1 año,Brick 1 L,1.5,,ud.,Mercadona,2024-03-11 00:00:00
Leche_infantil,Preparado lácteo con cereales crecimiento Peques 3 Puleva,6 bricks x 1 L,11.7,10.5,pack,Mercadona,2024-03-11 00:00:00
Leche_infantil,Preparado lácteo con cereales crecimiento Peques 3 Puleva,Brick 1 L,1.95,1.75,ud.,Mercadona,2024-03-11 00:00:00
Leche_infantil,Preparado lácteo crecimiento +1 año Hacendado,6 bricks x 1 L,7.5,,pack,Mercadona,2024-03-11 00:00:00
Leche_infantil,Preparado lácteo crecimiento +1 año Hacendado,6 mini bricks x 200 ml,1.95,,pack,Mercadona,2024-03-11 00:00:00
Leche_infantil,Preparado lácteo crecimiento +1 año Hacendado,Brick 1 L,1.25,,ud.,Mercadona,2024-03-11 00:00:00
Leche_infantil,Preparado lácteo crecimiento Peques 3 Puleva,6 bricks x 1 L,11.7,10.5,pack,Mercadona,2024-03-11 00:00:00
Leche_infantil,Preparado lácteo crecimiento Peques 3 Puleva,Brick 1 L,1.95,1.75,ud.,Mercadona,2024-03-11 00:00:00
Sal_y_bicarbonato,Preparado para salmón ahumado Hacendado,Bote 750 g,3.3,,ud.,Mercadona,2024-03-11 00:00:00
Otras_verduras_y_hortalizas,Puerros,Bandeja 450 g aprox.,2.09,,ud.,Mercadona,2024-03-11 00:00:00
Otras_verduras_y_hortalizas,Puerros,Paquete 900 g aprox.,2.42,,ud.,Mercadona,2024-03-11 00:00:00
Arroz,Quinoa cocida blanca y roja Sabroz,2 vasitos x 125 g,1.5,,pack,Mercadona,2024-03-11 00:00:00
Arroz,Quinoa Hacendado,Paquete 500 g,2.65,,ud.,Mercadona,2024-03-11 00:00:00
Otras_verduras_y_hortalizas,Rabanitos,Paquete 250 g,1.1,,ud.,Mercadona,2024-03-11 00:00:00
Tomate,Rama de Tomates,838 g aprox.,1.92,,pack,Mercadona,2024-03-11 00:00:00
Vinagre_y_otros_aderezos,Reducción de vinagre Pedro Ximénez Hacendado,Botella 300 g,2.25,,ud.,Mercadona,2024-03-11 00:00:00
cocacola_clasica,Refresco Coca-Cola,12 latas x 330 ml,10.44,9.72,pack,Mercadona,2024-03-11 00:00:00
cocacola_clasica,Refresco Coca-Cola,2 botellas x 2 L,3.9,,pack,Mercadona,2024-03-11 00:00:00
cocacola_clasica,Refresco Coca-Cola,4 botellas x 500 ml,5,,pack,Mercadona,2024-03-11 00:00:00
cocacola_clasica,Refresco Coca-Cola,"Botella 1,25 L",1.49,1.25,ud.,Mercadona,2024-03-11 00:00:00
cocacola_clasica,Refresco Coca-Cola,Botella 2 L,1.99,,ud.,Mercadona,2024-03-11 00:00:00
cocacola_clasica,Refresco Coca-Cola,Botella 500 ml,1.45,,ud.,Mercadona,2024-03-11 00:00:00
cocacola_clasica,Refresco Coca-Cola,Lata 330 ml,0.89,,ud.,Mercadona,2024-03-11 00:00:00
Cocacola_zero,Refresco Coca-Cola light,9 latas x 330 ml,7.83,,pack,Mercadona,2024-03-11 00:00:00
Cocacola_zero,Refresco Coca-Cola light,Lata 330 ml,0.89,,ud.,Mercadona,2024-03-11 00:00:00
Cocacola_zero,Refresco Coca-Cola Zero azúcar,12 latas x 330 ml,10.44,,pack,Mercadona,2024-03-11 00:00:00
Cocacola_zero,Refresco Coca-Cola Zero azúcar,2 botellas x 2 L,3.9,,pack,Mercadona,2024-03-11 00:00:00
Cocacola_zero,Refresco Coca-Cola Zero azúcar,4 botellas x 500 ml,5,,pack,Mercadona,2024-03-11 00:00:00
Cocacola_zero,Refresco Coca-Cola Zero azúcar,"Botella 1,25 L",1.49,1.25,ud.,Mercadona,2024-03-11 00:00:00
Cocacola_zero,Refresco Coca-Cola Zero azúcar,Botella 2 L,1.99,,ud.,Mercadona,2024-03-11 00:00:00
Cocacola_zero,Refresco Coca-Cola Zero azúcar,Botella 500 ml,1.45,,ud.,Mercadona,2024-03-11 00:00:00
Cocacola_zero,Refresco Coca-Cola Zero azúcar,Lata 330 ml,0.89,,ud.,Mercadona,2024-03-11 00:00:00
Cocacola_sin_cafeina,Refresco Coca-Cola Zero Zero,12 latas x 330 ml,10.44,,pack,Mercadona,2024-03-11 00:00:00
Cocacola_sin_cafeina,Refresco Coca-Cola Zero Zero,2 botellas x 2 L,3.9,,pack,Mercadona,2024-03-11 00:00:00
Cocacola_sin_cafeina,Refresco Coca-Cola Zero Zero,Botella 2 L,1.99,,ud.,Mercadona,2024-03-11 00:00:00
Cocacola_sin_cafeina,Refresco Coca-Cola Zero Zero,Lata 330 ml,0.89,,ud.,Mercadona,2024-03-11 00:00:00
Cocacola_zero,Refresco Coca-Cola Zero Zero,12 latas x 330 ml,10.44,,pack,Mercadona,2024-03-11 00:00:00
Cocacola_zero,Refresco Coca-Cola Zero Zero,2 botellas x 2 L,3.9,,pack,Mercadona,2024-03-11 00:00:00
Cocacola_zero,Refresco Coca-Cola Zero Zero,Botella 2 L,1.99,,ud.,Mercadona,2024-03-11 00:00:00
Cocacola_zero,Refresco Coca-Cola Zero Zero,Lata 330 ml,0.89,,ud.,Mercadona,2024-03-11 00:00:00
cocacola_clasica,Refresco cola Hacendado,6 latas x 330 ml,2.04,,pack,Mercadona,2024-03-11 00:00:00
cocacola_clasica,Refresco cola Hacendado,Botella 2 L,0.8,,ud.,Mercadona,2024-03-11 00:00:00
cocacola_clasica,Refresco cola Hacendado,Lata 330 ml,0.34,,ud.,Mercadona,2024-03-11 00:00:00
Cocacola_zero,Refresco cola Hacendado Zero azúcar,6 latas x 330 ml,1.92,,pack,Mercadona,2024-03-11 00:00:00
Cocacola_zero,Refresco cola Hacendado Zero azúcar,Botella 2 L,0.7,,ud.,Mercadona,2024-03-11 00:00:00
Cocacola_zero,Refresco cola Hacendado Zero azúcar,Lata 330 ml,0.32,,ud.,Mercadona,2024-03-11 00:00:00
Cocacola_sin_cafeina,Refresco cola Hacendado Zero azúcar Zero cafeína,6 latas x 330 ml,1.92,,pack,Mercadona,2024-03-11 00:00:00
Cocacola_sin_cafeina,Refresco cola Hacendado Zero azúcar Zero cafeína,Botella 2 L,0.7,,ud.,Mercadona,2024-03-11 00:00:00
Cocacola_sin_cafeina,Refresco cola Hacendado Zero azúcar Zero cafeína,Lata 330 ml,0.32,,ud.,Mercadona,2024-03-11 00:00:00
Cocacola_zero,Refresco cola Hacendado Zero azúcar Zero cafeína,6 latas x 330 ml,1.92,,pack,Mercadona,2024-03-11 00:00:00
Cocacola_zero,Refresco cola Hacendado Zero azúcar Zero cafeína,Botella 2 L,0.7,,ud.,Mercadona,2024-03-11 00:00:00
Cocacola_zero,Refresco cola Hacendado Zero azúcar Zero cafeína,Lata 330 ml,0.32,,ud.,Mercadona,2024-03-11 00:00:00
cocacola_clasica,Refresco cola Pepsi,"Botella 1,75 L",1.69,,ud.,Mercadona,2024-03-11 00:00:00
Cocacola_zero,Refresco cola Pepsi Zero azúcar,"Botella 1,75 L",1.69,,ud.,Mercadona,2024-03-11 00:00:00
Fanta_de_limon,Refresco de limón Hacendado fresh gas,6 latas x 330 ml,2.1,,pack,Mercadona,2024-03-11 00:00:00
Fanta_de_limon,Refresco de limón Hacendado fresh gas,Botella 2 L,0.95,,ud.,Mercadona,2024-03-11 00:00:00
Fanta_de_limon,Refresco de limón Hacendado fresh gas,Lata 330 ml,0.35,,ud.,Mercadona,2024-03-11 00:00:00
Fanta_de_limon,Refresco de limón Hacendado zero azúcar fresh gas,6 latas x 330 ml,2.1,,pack,Mercadona,2024-03-11 00:00:00
Fanta_de_limon,Refresco de limón Hacendado zero azúcar fresh gas,Botella 2 L,0.95,,ud.,Mercadona,2024-03-11 00:00:00
Fanta_de_limon,Refresco de limón Hacendado zero azúcar fresh gas,Lata 330 ml,0.35,,ud.,Mercadona,2024-03-11 00:00:00
Fanta_de_naranja,Refresco de naranja Hacendado fresh gas,6 latas x 330 ml,2.1,,pack,Mercadona,2024-03-11 00:00:00
Fanta_de_naranja,Refresco de naranja Hacendado fresh gas,Botella 2 L,0.95,,ud.,Mercadona,2024-03-11 00:00:00
Fanta_de_naranja,Refresco de naranja Hacendado fresh gas,Lata 330 ml,0.35,,ud.,Mercadona,2024-03-11 00:00:00
Fanta_de_naranja,Refresco de naranja Hacendado zero fresh gas,6 latas x 330 ml,2.1,,pack,Mercadona,2024-03-11 00:00:00
Fanta_de_naranja,Refresco de naranja Hacendado zero fresh gas,Botella 2 L,0.95,,ud.,Mercadona,2024-03-11 00:00:00
Fanta_de_naranja,Refresco de naranja Hacendado zero fresh gas,Lata 330 ml,0.35,,ud.,Mercadona,2024-03-11 00:00:00
Fanta_de_limon,Refresco Fanta limón,9 latas x 330 ml,6.57,5.76,pack,Mercadona,2024-03-11 00:00:00
Fanta_de_limon,Refresco Fanta limón,Botella 2 L,1.79,,ud.,Mercadona,2024-03-11 00:00:00
Fanta_de_limon,Refresco Fanta limón,Lata 330 ml,0.75,0.66,ud.,Mercadona,2024-03-11 00:00:00
Fanta_de_limon,Refresco Fanta limón zero azúcares añadidos,Lata 330 ml,0.75,0.66,ud.,Mercadona,2024-03-11 00:00:00
Fanta_de_naranja,Refresco Fanta naranja,2 botellas x 2 L,3.5,,pack,Mercadona,2024-03-11 00:00:00
Fanta_de_naranja,Refresco Fanta naranja,9 latas x 330 ml,6.57,5.76,pack,Mercadona,2024-03-11 00:00:00
Fanta_de_naranja,Refresco Fanta naranja,Botella 2 L,1.79,,ud.,Mercadona,2024-03-11 00:00:00
Fanta_de_naranja,Refresco Fanta naranja,Lata 330 ml,0.75,0.66,ud.,Mercadona,2024-03-11 00:00:00
Fanta_de_naranja,Refresco Fanta naranja zero azúcares añadidos,Botella 2 L,1.79,,ud.,Mercadona,2024-03-11 00:00:00
Fanta_de_naranja,Refresco Fanta naranja zero azúcares añadidos,Lata 330 ml,0.75,0.66,ud.,Mercadona,2024-03-11 00:00:00
Sprite,Refresco lima limón Hacendado fresh gas,6 latas x 330 ml,2.1,,pack,Mercadona,2024-03-11 00:00:00
Sprite,Refresco lima limón Hacendado fresh gas,Botella 2 L,0.95,,ud.,Mercadona,2024-03-11 00:00:00
Sprite,Refresco lima limón Hacendado fresh gas,Lata 330 ml,0.35,,ud.,Mercadona,2024-03-11 00:00:00
Sprite,Refresco lima limón Hacendado zero azúcar fresh gas,Botella 2 L,0.95,,ud.,Mercadona,2024-03-11 00:00:00
Sprite,Refresco lima limón Sprite,8 latas x 330 ml,4.56,,pack,Mercadona,2024-03-11 00:00:00
Sprite,Refresco lima limón Sprite,Botella 2 L,1.59,1.25,ud.,Mercadona,2024-03-11 00:00:00
Sprite,Refresco lima limón Sprite,Lata 330 ml,0.59,,ud.,Mercadona,2024-03-11 00:00:00
Fanta_de_limon,Refresco limón Schweppes original,8 latas x 330 ml,7.52,5.12,pack,Mercadona,2024-03-11 00:00:00
Fanta_de_limon,Refresco limón Schweppes original,Lata 330 ml,0.95,,ud.,Mercadona,2024-03-11 00:00:00
Otras_verduras_y_hortalizas,Remolacha cocida y pelada,Paquete 450 g,0.99,,ud.,Mercadona,2024-03-11 00:00:00
Repollo_y_col,Repollo liso,"Pieza 1,48 kg aprox.",2.43,,ud.,Mercadona,2024-03-11 00:00:00
Repollo_y_col,Repollo rizado,"Pieza 1,09 kg aprox.",1.8,,ud.,Mercadona,2024-03-11 00:00:00
Galletas_con_chocolate_y_rellenas,Rosquillas de chocolate con leche y coco Hacendado,Caja 300 g,1.65,,ud.,Mercadona,2024-03-11 00:00:00
Sal_y_bicarbonato,Sal 60% menos de sodio Hacendado,Bote 250 g,2.3,,ud.,Mercadona,2024-03-11 00:00:00
Sal_y_bicarbonato,Sal de ajo Hacendado,Bote 130 g,1.8,,ud.,Mercadona,2024-03-11 00:00:00
Sal_y_bicarbonato,Sal de frutas sabor limón Hacendado,Bote 250 g,2.1,,ud.,Mercadona,2024-03-11 00:00:00
Sal_y_bicarbonato,Sal fina de mesa Hacendado,Bote 250 g,0.6,,ud.,Mercadona,2024-03-11 00:00:00
Sal_y_bicarbonato,Sal fina Hacendado,Paquete 1 kg,0.35,,ud.,Mercadona,2024-03-11 00:00:00
Sal_y_bicarbonato,Sal gruesa Hacendado,Paquete 1 kg,0.35,,ud.,Mercadona,2024-03-11 00:00:00
Sal_y_bicarbonato,Sal gruesa para hornear Hacendado,Paquete 2 kg,0.95,,ud.,Mercadona,2024-03-11 00:00:00
Sal_y_bicarbonato,Sal marina en escamas Polasal,Bote 125 g,2,,ud.,Mercadona,2024-03-11 00:00:00
Sal_y_bicarbonato,Sal rosa del Himalaya Hacendado,Bote 250 g,1.8,,ud.,Mercadona,2024-03-11 00:00:00
Sal_y_bicarbonato,Sal yodada fina Hacendado,Paquete 1 kg,0.35,,ud.,Mercadona,2024-03-11 00:00:00
Cereales_integrales_y_muesli,Salvado de avena Hacendado,Paquete 500 g,1.65,,ud.,Mercadona,2024-03-11 00:00:00
Cereales_integrales_y_muesli,Salvado de trigo integral Hacendado,Paquete 250 g,1.35,,ud.,Mercadona,2024-03-11 00:00:00
Melon_y_sandia,Sandía baja en semillas,"Pieza 5,97 kg aprox.",13.07,,ud.,Mercadona,2024-03-11 00:00:00
Fideos,Sémola de trigo Hacendado,Paquete 500 g,1.6,,ud.,Mercadona,2024-03-11 00:00:00
Setas_y_champinones,Seta,Bandeja 250 g aprox.,1.95,,ud.,Mercadona,2024-03-11 00:00:00
Setas_y_champinones,Seta laminada,Bandeja 250 g aprox.,2.11,,ud.,Mercadona,2024-03-11 00:00:00
Setas_y_champinones,Seta shiitake,Bandeja 300 g aprox.,3.76,,ud.,Mercadona,2024-03-11 00:00:00
Edulcorantes_y_otros,Sirope de agave Hacendado,Bote 350 g,2.7,2.6,ud.,Mercadona,2024-03-11 00:00:00
Lentejas_y_otros,Soja texturizada grano fino Hacendado,Paquete 250 g,2.25,,ud.,Mercadona,2024-03-11 00:00:00
Verduras_al_vapor,Sopa juliana para microondas,Paquete 400 g,1.35,,ud.,Mercadona,2024-03-11 00:00:00
Spaghetti_y_tallarines,Spaghetti al huevo Hacendado,Paquete 500 g,1.35,,ud.,Mercadona,2024-03-11 00:00:00
Spaghetti_y_tallarines,Spaghetti fino Hacendado,Paquete 500 g,0.82,,ud.,Mercadona,2024-03-11 00:00:00
Spaghetti_y_tallarines,Spaghetti Hacendado,Paquete 1 kg,1.35,1.3,ud.,Mercadona,2024-03-11 00:00:00
Spaghetti_y_tallarines,Spaghetti Hacendado,Paquete 500 g,0.82,,ud.,Mercadona,2024-03-11 00:00:00
Spaghetti_y_tallarines,Spaghetti integral Hacendado,Paquete 500 g,1.2,,ud.,Mercadona,2024-03-11 00:00:00
Spaghetti_y_tallarines,Spaghetti sin gluten Felicia,Paquete 500 g,2,1.95,ud.,Mercadona,2024-03-11 00:00:00
Galletas_surtidas,Surtido de galletas y barquillos Hacendado,Paquete 500 g,2,,ud.,Mercadona,2024-03-11 00:00:00
Galletas_surtidas,Surtido de pastas artesanas Hacendado,Caja 1 bandeja (500 g),2.3,,ud.,Mercadona,2024-03-11 00:00:00
Spaghetti_y_tallarines,Tallarines Hacendado,Paquete 500 g,0.82,,ud.,Mercadona,2024-03-11 00:00:00
Fideos,Tapioca Tipiak,Caja 225 g,1.9,,ud.,Mercadona,2024-03-11 00:00:00
Galletas_con_chocolate_y_rellenas,Tartaletes con relleno de fresa Hacendado,Paquete 150 g,1.1,1.05,ud.,Mercadona,2024-03-11 00:00:00
Tomate,Tomate canario,Pieza 174 g aprox.,0.34,,ud.,Mercadona,2024-03-11 00:00:00
Tomate,Tomate ensalada,1 kg aprox.,2.39,,pack,Mercadona,2024-03-11 00:00:00
Tomate,Tomate ensalada,Pieza 273 g aprox.,0.63,,ud.,Mercadona,2024-03-11 00:00:00
Tomate,Tomate kumato negro,Pieza 103 g aprox.,0.28,,ud.,Mercadona,2024-03-11 00:00:00
Tomate,Tomate pera,Pieza 125 g aprox.,0.25,,ud.,Mercadona,2024-03-11 00:00:00
Tomate,Tomate rallado,Tarrina 290 g,1.39,,ud.,Mercadona,2024-03-11 00:00:00
Tomate,Tomate rosa,Pieza 541 g aprox.,1.82,,ud.,Mercadona,2024-03-11 00:00:00
Tomate,Tomates,Malla 2 kg,3.7,,ud.,Mercadona,2024-03-11 00:00:00
Tomate,Tomates Anhel,460 g aprox.,2.76,,pack,Mercadona,2024-03-11 00:00:00
Tomate,Tomates cherry,Bandeja 500 g,1.95,,ud.,Mercadona,2024-03-11 00:00:00
Tomate,Tomates cherry en rama Dulcita,Bandeja 200 g,2.26,,ud.,Mercadona,2024-03-11 00:00:00
Tomate,Tomates cherry pera kumato,Bandeja 300 g,1.55,,ud.,Mercadona,2024-03-11 00:00:00
Tomate,Tomates kumato negro,Bandeja 1 kg aprox.,2.59,,ud.,Mercadona,2024-03-11 00:00:00
Tomate,Tomates pera,Bandeja 1 kg aprox.,2.09,,ud.,Mercadona,2024-03-11 00:00:00
Pasta_rellena,Tortellini carne Pagani,Paquete 250 g,1.35,,ud.,Mercadona,2024-03-11 00:00:00
Pasta_rellena,Tortellini tres quesos Pagani,Paquete 250 g,1.35,,ud.,Mercadona,2024-03-11 00:00:00
Galletas_con_chocolate_y_rellenas,Tubitos bañados chocolate negro Hacendado,Bote 150 g,2.1,,ud.,Mercadona,2024-03-11 00:00:00
Galletas_surtidas,Tubitos Hacendado,Bote 175 g,2,,ud.,Mercadona,2024-03-11 00:00:00
Platano_y_uva,Uva blanca sin semillas,Bandeja 500 g aprox.,2.55,,ud.,Mercadona,2024-03-11 00:00:00
Platano_y_uva,Uva roja sin semillas,Bandeja 500 g aprox.,2.45,,ud.,Mercadona,2024-03-11 00:00:00
Vinagre_y_otros_aderezos,Vinagre balsámico de Módena Hacendado,Botella 500 ml,2.5,,ud.,Mercadona,2024-03-11 00:00:00
Vinagre_y_otros_aderezos,Vinagre de Jerez reserva Hacendado,Botella 250 ml,2,,ud.,Mercadona,2024-03-11 00:00:00
Vinagre_y_otros_aderezos,Vinagre de manzana Hacendado,Botella 1 L,0.9,,ud.,Mercadona,2024-03-11 00:00:00
Vinagre_y_otros_aderezos,Vinagre de manzana Hacendado sin filtrar,Botella 500 ml,1.7,,ud.,Mercadona,2024-03-11 00:00:00
Vinagre_y_otros_aderezos,Vinagre de vino blanco Hacendado,Botella 1 L,0.75,,ud.,Mercadona,2024-03-11 00:00:00
Patata,Yuca,Pieza 671 g aprox.,1.8,,ud.,Mercadona,2024-03-11 00:00:00
Pepino_y_zanahoria,Zanahoria rallada base para ensalada,Paquete 150 g,0.9,,ud.,Mercadona,2024-03-11 00:00:00
Pepino_y_zanahoria,Zanahorias,Paquete 1 kg,1.09,,ud.,Mercadona,2024-03-11 00:00:00
Pepino_y_zanahoria,Zanahorias,Paquete 500 g,0.85,,ud.,Mercadona,2024-03-11 00:00:00
